Class ID,Class Name
0,Abaeis mexicana
1,Abaeis nicippe
2,Abisara echerius
3,Abracris flavolineata
4,Abraxas grossulariata
5,Abraxas sylvata
6,Acalymma vittatum
7,Acanalonia bivittata
8,Acanalonia conica
9,Acanalonia servillei
10,Acanthacris ruficornis
11,Acanthocephala alata
12,Acanthocephala declivis
13,Acanthocephala femorata
14,Acanthocephala terminalis
15,Acanthocephala thomasi
16,Acanthosoma haemorrhoidale
17,Acericecis ocellaris
18,Achaea janata
19,Acharia stimulea
20,Achatia distincta
21,Acherontia atropos
22,Acherontia lachesis
23,Achlyodes pallida
24,Achyra affinitalis
25,Achyra rantalis
26,Acisoma panorpoides
27,Acleris forsskaleana
28,Acleris nivisellana
29,Acleris variegana
30,Acmaeodera flavomarginata
31,Acmaeodera mixta
32,Acmaeodera neglecta
33,Acmaeodera ornatoides
34,Acmaeodera tubulus
35,Acontia lucida
36,Acontia trabealis
37,Acraea andromacha
38,Acraea horta
39,Acraea issoria
40,Acraea serena
41,Acraea terpsicore
42,Acraspis erinacei
43,Acraspis macrocarpae
44,Acraspis pezomachoides
45,Acrida cinerea
46,Acrida conica
47,Acrida ungarica
48,Acrolophus arcanella
49,Acrolophus mycetophagus
50,Acrolophus piger
51,Acrolophus plumifrontella
52,Acrolophus popeanella
53,Acrolophus texanella
54,Acronicta aceris
55,Acronicta alni
56,Acronicta americana
57,Acronicta fallax
58,Acronicta impleta
59,Acronicta innotata
60,Acronicta insita
61,Acronicta insularis
62,Acronicta megacephala
63,Acronicta oblinita
64,Acronicta psi
65,Acronicta rubricoma
66,Acronicta rumicis
67,Acronicta superans
68,Acronyctodes mexicanaria
69,Acrosternum heegeri
70,Actias luna
71,Acutalis tartarea
72,Acytolepis puspa
73,Adalia bipunctata
74,Adalia decempunctata
75,Adela reaumurella
76,Adela septentrionella
77,Adelges tsugae
78,Adelpha californica
79,Adelpha eulalia
80,Adelphocoris lineolatus
81,Adversaeschna brevistyla
82,Aedes aegypti
83,Aedes albopictus
84,Aedes japonicus
85,Aedes notoscriptus
86,Aedes vexans
87,Aedia leucomelas
88,Aelia acuminata
89,Aenetus virescens
90,Aeolus mellillus
91,Aeshna affinis
92,Aeshna canadensis
93,Aeshna constricta
94,Aeshna crenata
95,Aeshna cyanea
96,Aeshna eremita
97,Aeshna grandis
98,Aeshna interrupta
99,Aeshna isoceles
100,Aeshna juncea
101,Aeshna mixta
102,Aeshna palmata
103,Aeshna sitchensis
104,Aeshna subarctica
105,Aeshna tuberculifera
106,Aeshna umbrosa
107,Aeshna verticalis
108,Aethalura intertexta
109,Aethriamanta brevipennis
110,Agallia constricta
111,Agapanthia cardui
112,Agapanthia villosoviridescens
113,Agapeta hamana
114,Agapeta zoegana
115,Agapostemon melliventris
116,Agapostemon splendens
117,Agapostemon texanus
118,Agapostemon virescens
119,Agelastica alni
120,Aglais io
121,Aglais milberti
122,Aglais urticae
123,Aglia tau
124,Aglossa pinguinalis
125,Agnorisma badinodis
126,Agonopterix alstromeriana
127,Agonopterix pulvipennella
128,Agonoscelis puberula
129,Agriades glandon
130,Agrilus cyanescens
131,Agrilus planipennis
132,Agrilus ruficollis
133,Agriocnemis femina
134,Agriocnemis pygmaea
135,Agrionoptera insignis
136,Agriopis marginaria
137,Agriphila geniculea
138,Agriphila inquinatella
139,Agriphila straminella
140,Agriphila tristella
141,Agriphila vulgivagellus
142,Agrius cingulata
143,Agrius convolvuli
144,Agrochola circellaris
145,Agrochola lunosa
146,Agrochola lychnidis
147,Agromyza aristata
148,Agromyza vockerothi
149,Agrotis exclamationis
150,Agrotis infusa
151,Agrotis ipsilon
152,Agrotis munda
153,Agrotis porphyricollis
154,Agrotis puta
155,Agrotis segetum
156,Agrotis venerabilis
157,Agrypnus murinus
158,Aidemona azteca
159,Aiolopus strepens
160,Alaus lusciosus
161,Alaus oculatus
162,Alcaeorrhynchus grandis
163,Alcis repandata
164,Aleeta curvicosta
165,Allagrapha aerea
166,Allograpta exotica
167,Allograpta obliqua
168,Allophyes oxyacanthae
169,Allotria elonympha
170,Alosterna tabacicolor
171,Alsophila pometaria
172,Alucita hexadactyla
173,Alydus calcaratus
174,Alydus eurinus
175,Alydus pilosulus
176,Alypia octomaculata
177,Amata huebneri
178,Amata phegea
179,Amblycorypha oblongifolia
180,Amblyscirtes celia
181,Amblyscirtes vialis
182,Amblytropidia mysteca
183,Ameles spallanzania
184,Ammophila pictipennis
185,Ammophila procera
186,Amorpha juglandis
187,Ampelomyia vitiscoryloides
188,Amphiagrion saucium
189,Amphibolips confluenta
190,Amphibolips cookii
191,Amphibolips quercusinanis
192,Amphibolips quercusjuglans
193,Amphibolips quercusostensackenii
194,Amphibolips quercuspomiformis
195,Amphimallon solstitiale
196,Amphion floridensis
197,Amphipsalta zelandica
198,Amphipyra pyramidea
199,Amphipyra pyramidoides
200,Amphipyra tragopoginis
201,Ampittia dioscorides
202,Amyna stricta
203,Anabrus simplex
204,Anacampsis fullonella
205,Anacridium aegyptium
206,Anaea aidea
207,Anaea andria
208,Anageshna primordialis
209,Anagrapha falcifera
210,Analeptura lineola
211,Anania funebris
212,Anania hortulata
213,Anaplectoides prasina
214,Anarta trifolii
215,Anartia amathea
216,Anartia fatima
217,Anartia jatrophae
218,Anasa tristis
219,Anastrangalia laetifica
220,Anastrangalia sanguinolenta
221,Anatis mali
222,Anatis ocellata
223,Anatrytone logan
224,Anavitrinella pampinaria
225,Anax ephippiger
226,Anax imperator
227,Anax junius
228,Anax longipes
229,Anax papuensis
230,Anax parthenope
231,Anchomenus dorsalis
232,Ancistrocerus adiabatus
233,Ancistrocerus antilope
234,Ancistrocerus campestris
235,Ancistrocerus gazella
236,Ancyloxypha numitor
237,Andrena cineraria
238,Andrena clarkella
239,Andrena dunningi
240,Andrena fulva
241,Andrena haemorrhoa
242,Andrena hattorfiana
243,Andrena hirticincta
244,Andrena milwaukeensis
245,Andrena nubecula
246,Andrena prunorum
247,Andrena vaga
248,Andrena wilkella
249,Andricus confertus
250,Andricus crystallinus
251,Andricus foecundatrix
252,Andricus fullawayi
253,Andricus gigas
254,Andricus ignotus
255,Andricus kingi
256,Andricus kollari
257,Andricus parmula
258,Andricus quercuscalicis
259,Andricus quercuscalifornicus
260,Andricus quercusflocci
261,Andricus quercusfoliatus
262,Andricus quercuslanigera
263,Andricus quercuspetiolicola
264,Andricus quercustozae
265,Angerona prunaria
266,Anicla infecta
267,Anisomorpha buprestoides
268,Anisota pellucida
269,Anisota senatoria
270,Anisota stigma
271,Anisota virginiensis
272,Anomala dubia
273,Anomoea laticlavia
274,Anoplolepis custodiens
275,Anoplolepis gracilipes
276,Anoplolepis steingroeveri
277,Anoplotrupes stercorosus
278,Anteos clorinde
279,Anteos maerula
280,Anthanassa texana
281,Anthanassa tulcis
282,Anthaxia nitidula
283,Anthela acuta
284,Anthene emolus
285,Antheraea polyphemus
286,Antheraea yamamai
287,Anthia decemguttata
288,Anthidium florentinum
289,Anthidium manicatum
290,Anthidium oblongatum
291,Anthocharis cardamines
292,Anthocharis midea
293,Anthocharis sara
294,Anthocomus equestris
295,Anthomyia illocata
296,Anthophila fabriciana
297,Anthophora californica
298,Anthophora plumipes
299,Anthophora terminalis
300,Anthophora urbana
301,Anthrax anthrax
302,Anthrenus scrophulariae
303,Anthrenus verbasci
304,Anticarsia gemmatalis
305,Anticlea vasiliata
306,Antigastra catalaunalis
307,Antigonus erosus
308,Apamea amputatrix
309,Apamea devastator
310,Apamea monoglypha
311,Apamea sordens
312,Apantesis arge
313,Apantesis ornata
314,Apantesis parthenice
315,Apantesis phalerata
316,Apantesis proxima
317,Apantesis virgo
318,Apantesis virguncula
319,Apatelodes torrefacta
320,Apatura ilia
321,Apatura iris
322,Aphantopus hyperantus
323,Aphis nerii
324,Aphomia sociella
325,Aphrophora alni
326,Aphylla angustifolia
327,Aphylla williamsoni
328,Apiomerus californicus
329,Apiomerus spissipes
330,Apis cerana
331,Apis dorsata
332,Apis florea
333,Apis mellifera
334,Aplocera plagiata
335,Apoda biguttata
336,Apoda limacodes
337,Apoda y-inversa
338,Apodemia mormo
339,Apodemia virgulti
340,Apoderus coryli
341,Apolinus lividigaster
342,Aporia crataegi
343,Appias libythea
344,Appias lyncida
345,Appias paulina
346,Aproceros leucopoda
347,Aptera fusca
348,Aquarius remigis
349,Arachnis picta
350,Araschnia levana
351,Archiearis infans
352,Archiearis parthenias
353,Archilestes californicus
354,Archilestes grandis
355,Archimantis latistyla
356,Archimantis sobrina
357,Archips argyrospila
358,Archips podana
359,Archips purpurana
360,Arctia caja
361,Arctia parthenos
362,Arctia plantaginis
363,Arctia villica
364,Arctia virginalis
365,Arge ochropus
366,Argia anceps
367,Argia apicalis
368,Argia bipunctulata
369,Argia emma
370,Argia fumipennis
371,Argia immunda
372,Argia lugens
373,Argia moesta
374,Argia nahuana
375,Argia oculata
376,Argia oenea
377,Argia plana
378,Argia sedula
379,Argia tibialis
380,Argia translata
381,Argia vivida
382,Argiocnemis rubescens
383,Argynnis adippe
384,Argynnis hyperbius
385,Argynnis niobe
386,Argynnis pandora
387,Argynnis paphia
388,Argyresthia oreasella
389,Argyria lacteella
390,Argyrotaenia pinatubana
391,Argyrotaenia quercifoliana
392,Argyrotaenia velutinana
393,Arhodia lasiocamparia
394,Arhopalus ferus
395,Ariadne ariadne
396,Ariadne merione
397,Aricia agestis
398,Aricia cramera
399,Arigomphus furcifer
400,Arigomphus submedianus
401,Arigomphus villosipes
402,Arilus cristatus
403,Arogalea cristifasciella
404,Aromia moschata
405,Arrhenodes minutus
406,Arta olivalis
407,Arta statalis
408,Artace cribrarius
409,Asbolis capucinus
410,Ascalapha odorata
411,Ascia monuste
412,Ascotis selenaria
413,Ascra bifida
414,Asota caricae
415,Asphaera lustrans
416,Asphondylia auripila
417,Aspidimorpha miliaris
418,Aspitates ochrearia
419,Asterocampa celtis
420,Asterocampa clyton
421,Asterocampa leilia
422,Asteromyia carbonifera
423,Asteromyia euthamiae
424,Astraptes fulgerator
425,Astylus atromaculatus
426,Asura lydia
427,Atalantycha bilineata
428,Atalopedes campestris
429,Athalia rosae
430,Athetis tarda
431,Athous haemorrhoidalis
432,Athyma nefte
433,Athyma selenophora
434,Atlides halesus
435,Atolmis rubricollis
436,Atomosia puella
437,Atta cephalotes
438,Atta mexicana
439,Atta texana
440,Attacus atlas
441,Atteva aurea
442,Augochlora pura
443,Augochlorella aurata
444,Augochlorella pomoniella
445,Augochloropsis metallica
446,Austroagrion watsoni
447,Austroargiolestes icteromelas
448,Austrogomphus guerini
449,Austrolestes analis
450,Austrolestes annulosus
451,Austrolestes colensonis
452,Austrolestes leda
453,Autographa californica
454,Autographa gamma
455,Autographa precationis
456,Automeris io
457,Axylia putris
458,Baccha elongata
459,Bactra verutana
460,Bagrada hilaris
461,Balsa tristrigella
462,Banasa dimidiata
463,Banasa euchlora
464,Basiaeschna janata
465,Battus philenor
466,Battus polydamas
467,Batyle suturalis
468,Belenois aurota
469,Belenois java
470,Bellura obliqua
471,Belonocnema kinseyi
472,Bembix americana
473,Beosus maritimus
474,Besma quercivoraria
475,Bibio albipennis
476,Bibio imitator
477,Bibio marci
478,Biblis aganisa
479,Bicyrtes quadrifasciatus
480,Biorhiza pallida
481,Biston betularia
482,Bittacomorpha clavipes
483,Blatta orientalis
484,Blattella germanica
485,Blepharomastix ranalis
486,Bleptina caradrinalis
487,Boisea rubrolineata
488,Boisea trivittata
489,Bolitotherus cornutus
490,Boloria bellona
491,Boloria chariclea
492,Boloria dia
493,Boloria epithore
494,Boloria euphrosyne
495,Boloria selene
496,Bombus affinis
497,Bombus appositus
498,Bombus auricomus
499,Bombus bimaculatus
500,Bombus borealis
501,Bombus californicus
502,Bombus campestris
503,Bombus centralis
504,Bombus citrinus
505,Bombus crotchii
506,Bombus cryptarum
507,Bombus ephippiatus
508,Bombus fernaldae
509,Bombus fervidus
510,Bombus flavifrons
511,Bombus fraternus
512,Bombus griseocollis
513,Bombus hortorum
514,Bombus humilis
515,Bombus huntii
516,Bombus hypnorum
517,Bombus impatiens
518,Bombus insularis
519,Bombus lapidarius
520,Bombus lucorum
521,Bombus melanopygus
522,Bombus mixtus
523,Bombus nevadensis
524,Bombus occidentalis
525,Bombus pascuorum
526,Bombus pauloensis
527,Bombus pensylvanicus
528,Bombus perplexus
529,Bombus pratorum
530,Bombus rufocinctus
531,Bombus rupestris
532,Bombus sitkensis
533,Bombus sonorus
534,Bombus sylvarum
535,Bombus ternarius
536,Bombus terrestris
537,Bombus terricola
538,Bombus vagans
539,Bombus vandykei
540,Bombus vestalis
541,Bombus vosnesenskii
542,Bombylius discolor
543,Bombylius major
544,Borbo cinnara
545,Boyeria vinosa
546,Brachydiplax chalybea
547,Brachydiplax denticauda
548,Brachygastra mellifica
549,Brachymelecta californica
550,Brachymesia furcata
551,Brachymesia gravida
552,Brachymyrmex patagonicus
553,Brachypera zoilus
554,Brachyponera chinensis
555,Brachystola magna
556,Brachythemis contaminata
557,Brachythemis leucosticta
558,Brachytron pratense
559,Bradinopyga geminata
560,Brechmorhoga mendax
561,Brenthis daphne
562,Brenthis ino
563,Brephidium exilis
564,Brevicoryne brassicae
565,Brintesia circe
566,Brithys crini
567,Bromius obscurus
568,Bryopsis muralis
569,Bulia deducta
570,Buprestis aurulenta
571,Buprestis rufipes
572,Burnettweldia plumbella
573,Burnsius albescens
574,Burnsius communis
575,Burnsius oileus
576,Burnsius orcus
577,Burnsius orcynoides
578,Burnsius philetas
579,Byblia ilithyia
580,Cabera exanthemata
581,Cabera pusaria
582,Cactophagus spinolae
583,Cacyreus marshalli
584,Caedicia simplex
585,Caenurgia chloropha
586,Caenurgina crassiuscula
587,Caenurgina erechtea
588,Calephelis nemesis
589,Calephelis perditalis
590,Calephelis virginiensis
591,Calledapteryx dryopterata
592,Callimorpha dominula
593,Calliphora vicina
594,Calliptamus barbarus
595,Calliptamus italicus
596,Callirhytis clavula
597,Callirhytis furva
598,Callirhytis lanata
599,Callirhytis quercusbatatoides
600,Callirhytis quercuscornigera
601,Callirhytis quercusfutilis
602,Callirhytis quercusoperator
603,Callirhytis quercussuttoni
604,Callirhytis seminator
605,Callistege mi
606,Callistethus marginatus
607,Calliteara pudibunda
608,Callizzia amorata
609,Callophrys augustinus
610,Callophrys dumetorum
611,Callophrys eryphon
612,Callophrys gryneus
613,Callophrys henrici
614,Callophrys niphon
615,Callophrys rubi
616,Callophrys xami
617,Callopistria cordata
618,Callopistria floridensis
619,Callopistria mollissima
620,Callopistromyia annulipes
621,Callosamia angulifera
622,Callosamia promethea
623,Calophasia lunula
624,Calopteron reticulatum
625,Calopteron terminale
626,Calopteryx aequabilis
627,Calopteryx haemorrhoidalis
628,Calopteryx maculata
629,Calopteryx splendens
630,Calopteryx virgo
631,Calosoma sayi
632,Calosoma scrutator
633,Calpodes ethlius
634,Calvia decemguttata
635,Calvia quatuordecimguttata
636,Calycomyza flavinotum
637,Calycopis cecrops
638,Calycopis isobeon
639,Cameraria guttifinitella
640,Cameraria ohridella
641,Camnula pellucida
642,Campaea margaritaria
643,Campaea perlata
644,Camponotus aeneopilosus
645,Camponotus americanus
646,Camponotus castaneus
647,Camponotus chromaiodes
648,Camponotus cinctellus
649,Camponotus consobrinus
650,Camponotus cruentatus
651,Camponotus floridanus
652,Camponotus fulvopilosus
653,Camponotus herculeanus
654,Camponotus ligniperda
655,Camponotus maculatus
656,Camponotus modoc
657,Camponotus niveosetosus
658,Camponotus novaeboracensis
659,Camponotus pennsylvanicus
660,Camponotus planatus
661,Camponotus sericeiventris
662,Camponotus vagus
663,Camponotus vicinus
664,Camptogramma bilineata
665,Camptonotus carolinensis
666,Camptopus lateralis
667,Campyloneura virgula
668,Cantao ocellatus
669,Cantharis fusca
670,Cantharis livida
671,Cantharis nigricans
672,Cantharis obscura
673,Cantharis pellucida
674,Cantharis rufa
675,Cantharis rustica
676,Capnodis tenebrionis
677,Capua intractana
678,Carabus auratus
679,Carabus auronitens
680,Carabus coriaceus
681,Carabus glabratus
682,Carabus granulatus
683,Carabus intricatus
684,Carabus nemoralis
685,Carabus problematicus
686,Carabus violaceus
687,Caradrina clavipalpis
688,Carausius morosus
689,Carcharodus alceae
690,Carcina quercana
691,Caria ino
692,Caripeta divisata
693,Caripeta piniata
694,Carpocoris fuscispinus
695,Carpocoris pudicus
696,Carpocoris purpureipennis
697,Carterocephalus mandan
698,Carterocephalus palaemon
699,Carterocephalus silvicola
700,Caryomyia tubicola
701,Casbia rectaria
702,Cassida circumdata
703,Cassida rubiginosa
704,Castalius rosimon
705,Cataclysta lemnata
706,Catasticta nimbice
707,Catocala amatrix
708,Catocala cara
709,Catocala concumbens
710,Catocala fraxini
711,Catocala grynea
712,Catocala ilia
713,Catocala innubens
714,Catocala lineella
715,Catocala maestosa
716,Catocala micronympha
717,Catocala neogama
718,Catocala nupta
719,Catocala piatrix
720,Catocala relicta
721,Catocala ultronia
722,Catocala unijuga
723,Catocala vidua
724,Catochrysops strabo
725,Catopsilia florella
726,Catopsilia pomona
727,Catopsilia pyranthe
728,Catoptria falsella
729,Celastrina argiolus
730,Celastrina echo
731,Celastrina ladon
732,Celastrina lucia
733,Celastrina neglecta
734,Celithemis elisa
735,Celithemis eponina
736,Celithemis fasciata
737,Celypha striana
738,Cenopis pettitana
739,Cenopis reticulatana
740,Centrotus cornutus
741,Cephalotes atratus
742,Cephonodes hylas
743,Cephrenes augiades
744,Cepora nerissa
745,Cerambyx cerdo
746,Cerambyx scopolii
747,Cerapteryx graminis
748,Cerastipsocus venosus
749,Ceratitis capitata
750,Ceratomia amyntor
751,Ceratomia catalpae
752,Ceratomia hageni
753,Ceratomia undulosa
754,Cerceris fumipennis
755,Cerceris insolita
756,Cerceris rybyensis
757,Cercopis intermedia
758,Cercopis vulnerata
759,Cercyonis oetus
760,Cercyonis pegala
761,Ceriagrion aeruginosum
762,Ceriagrion auranticum
763,Ceriagrion cerinorubellum
764,Ceriagrion coromandelianum
765,Ceriagrion glabrum
766,Ceriagrion tenellum
767,Cerma cerintha
768,Ceroctis capensis
769,Cerotoma trifurcata
770,Cerura vinula
771,Cethosia cyane
772,Cetonia aurata
773,Ceutorhynchus pallidactylus
774,Chalcoela iphitalis
775,Chalcolestes viridis
776,Chalcophora angulicollis
777,Chalcophora virginiensis
778,Chalybion californicum
779,Charadra deridens
780,Charanyca trigrammica
781,Charaxes bernardus
782,Charaxes jasius
783,Charidotella sexpunctata
784,Chauliodes pectinicornis
785,Chauliodes rastricornis
786,Chauliognathus basalis
787,Chauliognathus lugubris
788,Chauliognathus marginatus
789,Chauliognathus pensylvanicus
790,Chauliognathus tricolor
791,Cheilomenes lunata
792,Cheilomenes sexmaculata
793,Cheilosia illustrata
794,Chelinidea vittiger
795,Chelymorpha cassidea
796,Chiasmia clathrata
797,Chilades lajus
798,Chilocorus bipustulatus
799,Chilocorus cacti
800,Chilocorus renipustulatus
801,Chilocorus stigma
802,Chimarocephala pacifica
803,Chinavia hilaris
804,Chioides albofasciatus
805,Chionodes mediofuscella
806,Chloraspilates bicoloraria
807,Chloridea virescens
808,Chlorion aerarium
809,Chlorochlamys chloroleucaria
810,Chlorochroa ligata
811,Chlorochroa sayi
812,Chloroclysta siterata
813,Chloroclystis filata
814,Chloroclystis inductata
815,Chloroclystis v-ata
816,Chloromyia formosa
817,Chlorophorus varius
818,Chlosyne acastus
819,Chlosyne ehrenbergii
820,Chlosyne gabbii
821,Chlosyne gorgone
822,Chlosyne harrisii
823,Chlosyne janais
824,Chlosyne lacinia
825,Chlosyne nycteis
826,Chlosyne palla
827,Chlosyne theona
828,Choephora fungorum
829,Choeradodis rhombicollis
830,Choerocoris paganus
831,Chondracris rosea
832,Choristoneura fumiferana
833,Choristoneura rosaceana
834,Chorthippus albomarginatus
835,Chorthippus biguttulus
836,Chorthippus brunneus
837,Chorthippus dorsatus
838,Chortophaga australior
839,Chortophaga viridifasciata
840,Chromacris speciosa
841,Chromagrion conditum
842,Chrysis angolensis
843,Chrysochraon dispar
844,Chrysochus auratus
845,Chrysochus cobaltinus
846,Chrysodeixis argentifera
847,Chrysodeixis chalcites
848,Chrysodeixis eriosoma
849,Chrysodeixis includens
850,Chrysolina americana
851,Chrysolina bankii
852,Chrysolina coerulans
853,Chrysolina fastuosa
854,Chrysolina herbacea
855,Chrysolina hyperici
856,Chrysolina polita
857,Chrysolina sturmi
858,Chrysolopus spectabilis
859,Chrysomela populi
860,Chrysomela scripta
861,Chrysomela vigintipunctata
862,Chrysomya megacephala
863,Chrysopa nigricornis
864,Chrysopa oculata
865,Chrysopa perla
866,Chrysopa quadripunctata
867,Chrysoperla rufilabris
868,Chrysopilus quadratus
869,Chrysopilus thoracicus
870,Chrysoteuchia culmella
871,Chrysoteuchia topiarius
872,Chrysotoxum bicinctum
873,Chytolita morbidalis
874,Chytonix palliatricula
875,Cicada orni
876,Cicadella viridis
877,Cicindela campestris
878,Cicindela duodecimguttata
879,Cicindela hirticollis
880,Cicindela hybrida
881,Cicindela longilabris
882,Cicindela ocellata
883,Cicindela oregona
884,Cicindela punctulata
885,Cicindela repanda
886,Cicindela scutellaris
887,Cicindela sexguttata
888,Cicindela tranquebarica
889,Cigaritis lohita
890,Cigaritis vulcanus
891,Cimbex americanus
892,Cimbex femoratus
893,Cingilia catenaria
894,Circopetes obtusata
895,Cisseps fulvicollis
896,Cissia rubricata
897,Cisthene packardii
898,Cisthene plumbea
899,Cisthene tenuifascia
900,Citheronia regalis
901,Cladara limitaria
902,Clastoptera obtusa
903,Clastoptera proteus
904,Clemensia albata
905,Cleobora mellyi
906,Clepsis consimilana
907,Clepsis melaleucanus
908,Clepsis peritana
909,Clepsis persicana
910,Clepsis virescana
911,Climaciella brunnea
912,Clitarchus hookeri
913,Clogmia albipunctata
914,Clostera albosigma
915,Clostera apicalis
916,Closterotomus biclavatus
917,Closterotomus norwegicus
918,Closterotomus trivialis
919,Clytra laeviuscula
920,Clytus arietis
921,Clytus ruricola
922,Cnaphalocrocis medinalis
923,Coccinella californica
924,Coccinella septempunctata
925,Coccinella transversalis
926,Coccinella transversoguttata
927,Coccinella trifasciata
928,Coccinella undecimpunctata
929,Coccinula quatuordecimpustulata
930,Coelophora inaequalis
931,Coelostathma discopunctana
932,Coenagrion hastulatum
933,Coenagrion puella
934,Coenagrion pulchellum
935,Coenagrion resolutum
936,Coenagrion scitulum
937,Coenonympha arcania
938,Coenonympha california
939,Coenonympha glycerion
940,Coenonympha pamphilus
941,Coleomegilla maculata
942,Colias croceus
943,Colias eurytheme
944,Colias interior
945,Colias philodice
946,Colladonus clitellarius
947,Colletes cunicularius
948,Colletes hederae
949,Colletes inaequalis
950,Colobura dirce
951,Colocasia coryli
952,Colocasia propinquilinea
953,Colopha ulmicola
954,Coloradia pandora
955,Colostygia pectinataria
956,Colotois pennaria
957,Comostola laesaria
958,Conchylodes ovulalis
959,Condica videns
960,Condylolomia participialis
961,Condylostylus longicornis
962,Condylostylus patibulatus
963,Conistra vaccinii
964,Conocephalus brevipennis
965,Conocephalus fasciatus
966,Conocephalus fuscus
967,Conocephalus melaenus
968,Conoderus lividus
969,Copaeodes aurantiaca
970,Copaeodes minima
971,Copera marginipes
972,Copestylum avidum
973,Copestylum marginatum
974,Copestylum mexicanum
975,Copivaleria grotei
976,Cordulegaster boltonii
977,Cordulegaster diastatops
978,Cordulegaster dorsalis
979,Cordulegaster maculata
980,Cordulegaster obliqua
981,Cordulia aenea
982,Cordulia shurtleffii
983,Coreus marginatus
984,Corizus hyoscyami
985,Corydalus cornutus
986,Coryphaeschna ingens
987,Coryphista meadii
988,Coryphistes ruricola
989,Corythucha ciliata
990,Cosmia calami
991,Cosmia trapezina
992,Cosmodela aurulenta
993,Cosmodes elegans
994,Cosmopepla lintneriana
995,Cosmorhoe ocellata
996,Cossus cossus
997,Costaconvexa centrostrigaria
998,Cotesia congregata
999,Cotinis mutabilis
1000,Cotinis nitida
1001,Crambidia pallida
1002,Crambus agitatellus
1003,Crambus albellus
1004,Crambus laqueatellus
1005,Crambus lathoniellus
1006,Crambus pascuella
1007,Crambus perlella
1008,Crambus praefectellus
1009,Craniophora ligustri
1010,Creatonotos transiens
1011,Crematogaster laeviuscula
1012,Crematogaster peringueyi
1013,Crematogaster scutellaris
1014,Creophilus maxillosus
1015,Crioceris asparagi
1016,Crioceris duodecimpunctata
1017,Crocallis elinguaria
1018,Crocidosema plebejana
1019,Crocigrapha normani
1020,Crocothemis erythraea
1021,Crocothemis nigrifrons
1022,Crocothemis servilia
1023,Cryphia algae
1024,Crypsiphona ocultaria
1025,Cryptocephalus moraei
1026,Cryptococcus fagisuga
1027,Cryptolaemus montrouzieri
1028,Cteniopus sulphureus
1029,Ctenolepisma lineata
1030,Ctenolepisma longicaudata
1031,Ctenomorpha marginipennis
1032,Ctenoplusia oxygramma
1033,Ctenucha virginica
1034,Cucujus clavipes
1035,Cucullia asteroides
1036,Cucullia convexipennis
1037,Cucullia verbasci
1038,Cuerna costalis
1039,Cuerna striata
1040,Culex quinquefasciatus
1041,Culladia cuneiferellus
1042,Cupha erymanthis
1043,Cupido amyntula
1044,Cupido argiades
1045,Cupido comyntas
1046,Cupido minimus
1047,Curculio glandium
1048,Curtara insularis
1049,Cyaniris semiargus
1050,Cybister fimbriolatus
1051,Cyclochila australasiae
1052,Cycloneda munda
1053,Cycloneda polita
1054,Cycloneda sanguinea
1055,Cyclophora nanaria
1056,Cyclophora packardi
1057,Cyclophora pendulinaria
1058,Cyclophora punctaria
1059,Cycnia collaris
1060,Cycnia tenera
1061,Cydalima perspectalis
1062,Cydia latiferreana
1063,Cydia pomonella
1064,Cydnus aterrimus
1065,Cyligramma latona
1066,Cylindromyia bicolor
1067,Cyllopsis gemma
1068,Cymaenes tripunctus
1069,Cymbalophora pudica
1070,Cynips douglasii
1071,Cynips longiventris
1072,Cynips mirabilis
1073,Cynips quercusfolii
1074,Cypherotylus californicus
1075,Cyphoderris monstrosa
1076,Cyphostethus tristriatus
1077,Cyrestis thyodamas
1078,Cyrtepistomus castaneus
1079,Cysteodemus armatus
1080,Dactylotum bicolor
1081,Daktulosphaira vitifoliae
1082,Danaus chrysippus
1083,Danaus eresimus
1084,Danaus erippus
1085,Danaus genutia
1086,Danaus gilippus
1087,Danaus petilia
1088,Danaus plexippus
1089,Daphnis nerii
1090,Darapsa choerilus
1091,Darapsa myron
1092,Dargida diffusa
1093,Dasineura pellex
1094,Dasychira chekiangensis
1095,Dasymutilla aureola
1096,Dasymutilla bioculata
1097,Dasymutilla klugii
1098,Dasymutilla occidentalis
1099,Dasymutilla quadriguttata
1100,Dasymutilla sackenii
1101,Dasymutilla vestita
1102,Dasypoda hirtipes
1103,Dasypodia selenophora
1104,Dasysyrphus albostriatus
1105,Datana integerrima
1106,Datana ministra
1107,Declana floccosa
1108,Declana leptomera
1109,Decticus albifrons
1110,Decticus verrucivorus
1111,Deidamia inscriptum
1112,Deilephila elpenor
1113,Deilephila porcellus
1114,Delias eucharis
1115,Delias hyparete
1116,Delias nigrina
1117,Delias pasithoe
1118,Deloyala guttata
1119,Delphinia picta
1120,Delta pyriforme
1121,Deltote bankiana
1122,Deltote pygarga
1123,Dendrobias mandibularis
1124,Dendroides canadensis
1125,Dendroleon obsoletus
1126,Dendrolimus pini
1127,Deraeocoris flavilinea
1128,Deraeocoris lutescens
1129,Deraeocoris ruber
1130,Dermestes lardarius
1131,Desmia funeralis
1132,Desmia maculalis
1133,Desmocerus palliatus
1134,Destolmia lineata
1135,Diabrotica balteata
1136,Diabrotica barberi
1137,Diabrotica speciosa
1138,Diabrotica undecimpunctata
1139,Diachrysia balluca
1140,Diachrysia chrysitis
1141,Diacme adipaloides
1142,Diacrisia sannio
1143,Diadasia bituberculata
1144,Diamma bicolor
1145,Diaperis boleti
1146,Diaperis maculata
1147,Diaphania hyalinata
1148,Diaphania indica
1149,Diapheromera femorata
1150,Diaphone eumela
1151,Diaphora mendica
1152,Diaprepes abbreviatus
1153,Diarsia intermixta
1154,Diastictis fracturalis
1155,Diastrophus nebulosus
1156,Dichomeris flavocostella
1157,Dichorda iridaria
1158,Dichotomius carolinus
1159,Dichromorpha viridis
1160,Dicromantispa interrupta
1161,Dicromantispa sayi
1162,Dictyophorus spumans
1163,Dictyoptera aurora
1164,Dictyoptera simplicipes
1165,Dicymolomia julianalis
1166,Didymoctenia exsuperata
1167,Didymops transversa
1168,Dielis plumipes
1169,Dielis tolteca
1170,Dielis trifasciata
1171,Digitonthophagus gazella
1172,Digrammia continuata
1173,Digrammia gnophosaria
1174,Digrammia ocellinata
1175,Diloboderus abderus
1176,Dindymus sanguineus
1177,Dindymus versicolor
1178,Dioctria hyalipennis
1179,Dione juno
1180,Dione moneta
1181,Dione vanillae
1182,Dioprosopa clavata
1183,Diphlebia euphoeoides
1184,Diphthera festiva
1185,Diplacodes bipunctata
1186,Diplacodes haematodes
1187,Diplacodes lefebvrii
1188,Diplacodes melanopsis
1189,Diplacodes trivialis
1190,Diplazon laetatorius
1191,Diplolepis polita
1192,Diplolepis rosae
1193,Diprion similis
1194,Dircaea liturata
1195,Disclisioprocta stellata
1196,Disholcaspis cinerosa
1197,Disholcaspis quercusglobulus
1198,Disholcaspis quercusmamma
1199,Disonycha glabrata
1200,Dissosteira carolina
1201,Distoleon tetragrammicus
1202,Dolba hyloeus
1203,Doleschallia bisaltide
1204,Dolichovespula arctica
1205,Dolichovespula arenaria
1206,Dolichovespula maculata
1207,Dolichovespula media
1208,Dolycoris baccarum
1209,Dorcus parallelipipedus
1210,Dorocordulia libera
1211,Dorymyrmex bureni
1212,Doxocopa laure
1213,Drepana arcuata
1214,Drepana bilineata
1215,Drepana falcataria
1216,Dromogomphus spinosus
1217,Dromogomphus spoliatus
1218,Drosophila suzukii
1219,Dryadula phaetusa
1220,Dryas iulia
1221,Dryocampa rubicunda
1222,Dryocosmus dubiosus
1223,Dryocosmus minusculus
1224,Dryocosmus quercuspalustris
1225,Dymasia dymas
1226,Dynamine postverta
1227,Dynastes tityus
1228,Dysdercus cingulatus
1229,Dysgonia algira
1230,Dysphania militaris
1231,Dyspteris abortivaria
1232,Dysstroma citrata
1233,Dysstroma truncata
1234,Dythemis fugax
1235,Dythemis nigrescens
1236,Dythemis sterilis
1237,Dythemis velox
1238,Eacles imperialis
1239,Eantis tamenund
1240,Eburia quadrigeminata
1241,Ecdytolopha mana
1242,Echinargus isola
1243,Echthromorpha intricatoria
1244,Ecliptopera silaceata
1245,Ectatomma tuberculatum
1246,Ectemnius continuus
1247,Ectemnius maculosus
1248,Ectobius lapponicus
1249,Ectobius sylvestris
1250,Ectophasia crassipennis
1251,Ectropis crepuscularia
1252,Ectropis excursaria
1253,Efferia aestuans
1254,Efferia albibarbis
1255,Egira dolosa
1256,Eilema depressa
1257,Eilema griseola
1258,Eilema lurideola
1259,Eilema sororcula
1260,Elaphidion mucronatum
1261,Elaphria chalcedonia
1262,Elaphria grata
1263,Elaphria versicolor
1264,Elasmostethus cruciatus
1265,Elasmostethus interstinctus
1266,Elasmucha grisea
1267,Elasmucha lateralis
1268,Eleodes armata
1269,Eleodes goryi
1270,Eleodes obscura
1271,Eleodes osculans
1272,Eleodes tricostata
1273,Elhamma australasiae
1274,Ellida caniplaga
1275,Ellychnia corrusca
1276,Elophila gyralis
1277,Elophila icciusalis
1278,Elophila nymphaeata
1279,Elophila obliteralis
1280,Elymnias hypermnestra
1281,Emarginea percara
1282,Ematurga atomaria
1283,Emmelina monodactyla
1284,Empis tessellata
1285,Empoasca fabae
1286,Empusa fasciata
1287,Empusa pennata
1288,Empyreuma pugione
1289,Enallagma annexum
1290,Enallagma aspersum
1291,Enallagma basidens
1292,Enallagma boreale
1293,Enallagma carunculatum
1294,Enallagma civile
1295,Enallagma cyathigerum
1296,Enallagma divagans
1297,Enallagma doubledayi
1298,Enallagma durum
1299,Enallagma ebrium
1300,Enallagma exsulans
1301,Enallagma geminatum
1302,Enallagma hageni
1303,Enallagma praevarum
1304,Enallagma signatum
1305,Enallagma traviatum
1306,Enallagma vesperum
1307,Enargia decolor
1308,Enchenopa latipes
1309,Endomychus coccineus
1310,Endothenia hebesana
1311,Endotricha flammealis
1312,Endotricha mesenterialis
1313,Endotricha pyrosalis
1314,Endrosis sarcitrella
1315,Enicospilus purgatus
1316,Ennomos alniaria
1317,Ennomos magnaria
1318,Ennomos subsignaria
1319,Entylia carinata
1320,Enyo lugubris
1321,Epalpus signifer
1322,Epargyreus clarus
1323,Ephippiger diurnus
1324,Epiaeschna heros
1325,Epiblema foenella
1326,Epiblema otiosana
1327,Epiblema strenuana
1328,Epicallima argenticinctella
1329,Epicauta pensylvanica
1330,Epicoma melanospila
1331,Epicyme rubropunctaria
1332,Epidesmia tryxaria
1333,Epilachna borealis
1334,Epilachna mexicana
1335,Epimecis hortaria
1336,Epipaschia superatalis
1337,Epiphryne verriculata
1338,Epiphyas postvittana
1339,Epirrhoe alternata
1340,Epirrita autumnata
1341,Epistrophe eligans
1342,Epistrophe grossulariae
1343,Episyrphus balteatus
1344,Epitheca bimaculata
1345,Epitheca canis
1346,Epitheca cynosura
1347,Epitheca petechialis
1348,Epitheca princeps
1349,Epitheca spinigera
1350,Epyaxa rosearia
1351,Erannis defoliaria
1352,Erebia aethiops
1353,Erebia epipsodea
1354,Erebia euryale
1355,Erebia ligea
1356,Erebia medusa
1357,Erebus ephesperis
1358,Eremnophila aureonotata
1359,Erinnyis ello
1360,Erinnyis obscura
1361,Eriopis connexa
1362,Eriothrix rufomaculata
1363,Eristalinus aeneus
1364,Eristalinus punctulatus
1365,Eristalinus taeniops
1366,Eristalis anthophorina
1367,Eristalis arbustorum
1368,Eristalis dimidiata
1369,Eristalis flavipes
1370,Eristalis hirta
1371,Eristalis horticola
1372,Eristalis intricaria
1373,Eristalis nemorum
1374,Eristalis pertinax
1375,Eristalis similis
1376,Eristalis stipator
1377,Eristalis tenax
1378,Eristalis transversa
1379,Erpetogomphus designatus
1380,Erthesina fullo
1381,Erynnis baptisiae
1382,Erynnis brizo
1383,Erynnis funeralis
1384,Erynnis horatius
1385,Erynnis icelus
1386,Erynnis juvenalis
1387,Erynnis propertius
1388,Erynnis tages
1389,Erynnis tristis
1390,Erythemis collocata
1391,Erythemis peruviana
1392,Erythemis plebeja
1393,Erythemis simplicicollis
1394,Erythemis vesiculosa
1395,Erythrodiplax basifusca
1396,Erythrodiplax berenice
1397,Erythrodiplax funerea
1398,Erythrodiplax fusca
1399,Erythrodiplax minuscula
1400,Erythrodiplax nigricans
1401,Erythrodiplax umbrata
1402,Erythromma lindenii
1403,Erythromma najas
1404,Erythromma viridulum
1405,Esperia sulphurella
1406,Estigmene acrea
1407,Ethmia bipunctella
1408,Etiella behrii
1409,Eubaphe mendica
1410,Eubaphe unicolor
1411,Eubolina impartialis
1412,Euborellia annulipes
1413,Euchaetes egle
1414,Euchlaena amoenaria
1415,Euchloe ausonides
1416,Euchorthippus declivus
1417,Euchroma giganteum
1418,Euchromius ocellea
1419,Euchrysops cnejus
1420,Euclea delphinii
1421,Euclea incisa
1422,Euclidia cuspidea
1423,Euclidia glyphica
1424,Eucopina tocullionana
1425,Eucosma parmatana
1426,Eudocima materna
1427,Eudocima phalonia
1428,Eudonia angustea
1429,Eudonia lacustrata
1430,Eudonia mercurella
1431,Eudonia philerga
1432,Eudonia strigalis
1433,Eudryas grata
1434,Eudryas unio
1435,Euglossa dilemma
1436,Eulaema polychroma
1437,Eulithis explanata
1438,Eulogia ochrifrontella
1439,Eumaeus atala
1440,Eumarozia malachitana
1441,Eumenes bollii
1442,Eumenes crucifera
1443,Eumenes fraternus
1444,Eumorpha achemon
1445,Eumorpha fasciatus
1446,Eumorpha labruscae
1447,Eumorpha pandorus
1448,Eumorpha vitis
1449,Eunica monima
1450,Euodynerus foraminatus
1451,Euodynerus hidalgo
1452,Euodynerus megaera
1453,Euodynerus pratensis
1454,Eupackardia calleta
1455,Euparius marmoreus
1456,Euparthenos nubilis
1457,Eupeodes corollae
1458,Eupeodes fumipennis
1459,Eupeodes luniger
1460,Eupeodes volucris
1461,Euphaea formosa
1462,Euphilotes bernardino
1463,Euphoria basalis
1464,Euphoria inda
1465,Euphoria kernii
1466,Euphoria sepulcralis
1467,Euphydryas aurinia
1468,Euphydryas chalcedona
1469,Euphydryas editha
1470,Euphydryas phaeton
1471,Euphyes dion
1472,Euphyes vestris
1473,Euphyia intermediata
1474,Eupithecia centaureata
1475,Eupithecia miserulata
1476,Euplagia quadripunctaria
1477,Euplexia benesimilis
1478,Euploea core
1479,Euploea midamus
1480,Euploea mulciber
1481,Euploea tulliolus
1482,Eupoecila australasiae
1483,Euproctis chrysorrhoea
1484,Eupsilia morrisoni
1485,Eupsilia transversa
1486,Euptoieta claudia
1487,Euptoieta hegesia
1488,Eurema blanda
1489,Eurema daira
1490,Eurema hecabe
1491,Eurema mandarina
1492,Eurois occulta
1493,Eurosta solidaginis
1494,Eurydema oleracea
1495,Eurydema ornata
1496,Eurydema ventralis
1497,Eurygaster maura
1498,Eurygaster testudinaria
1499,Eurytides marcellus
1500,Eusarca confusaria
1501,Euschistus servus
1502,Euschistus tristigmus
1503,Eustixia pupula
1504,Euthalia aconthea
1505,Euthochtha galeator
1506,Euthrix potatoria
1507,Euthyatira pudens
1508,Euthyrhynchus floridanus
1509,Euthystira brachyptera
1510,Eutrapela clemataria
1511,Eutricha capensis
1512,Euura proxima
1513,Evania appendigaster
1514,Evergestis pallidata
1515,Evergestis rimosalis
1516,Exaireta spinigera
1517,Excultanus excultus
1518,Exitianus exitiosus
1519,Exochomus quadripustulatus
1520,Exomala orientalis
1521,Exosoma lusitanicum
1522,Eyprepocnemis plorans
1523,Fascista cercerisella
1524,Favonius quercus
1525,Fazia micrura
1526,Feltia herilis
1527,Feltia jaculifera
1528,Feltia subterranea
1529,Feniseca tarquinius
1530,Feralia comstocki
1531,Fieberiella florii
1532,Flatormenis proxima
1533,Forficula auricularia
1534,Formica obscuripes
1535,Formica rufa
1536,Freyeria putli
1537,Furcula borealis
1538,Furcula cinerea
1539,Furcula modesta
1540,Galasa nigrinodis
1541,Galeruca tanaceti
1542,Galgula partita
1543,Galleria mellonella
1544,Gastrina cristaria
1545,Gastrophora henricaria
1546,Gastrophysa polygoni
1547,Gastrophysa viridula
1548,Gaurotes virginea
1549,Geitoneura acantha
1550,Geitoneura klugii
1551,Gelastocoris oculatus
1552,Geometra papilionaria
1553,Geotrupes splendidus
1554,Glaphyria sesquistrialis
1555,Glaucias amyoti
1556,Glaucopsyche alexis
1557,Glaucopsyche lygdamus
1558,Glena quinquelinearia
1559,Glenoides texanaria
1560,Glischrochilus fasciatus
1561,Glischrochilus quadrisignatus
1562,Gluphisia septentrionis
1563,Glycaspis brimblecombei
1564,Glyphodes onychinalis
1565,Gminatus australis
1566,Gnophaela vermiculata
1567,Gnorimoschema baccharisella
1568,Gomphaeschna furcillata
1569,Gomphocerippus rufus
1570,Gomphurus externus
1571,Gomphurus fraternus
1572,Gomphurus vastus
1573,Gomphus vulgatissimus
1574,Gonatista grisea
1575,Gonepteryx cleopatra
1576,Gonepteryx rhamni
1577,Goniaea australasiae
1578,Gonocerus acuteangulatus
1579,Graminella nigrifrons
1580,Grammodes stolida
1581,Grammoptera ruficornis
1582,Graphiphora augur
1583,Graphisurus fasciatus
1584,Graphium agamemnon
1585,Graphium choredon
1586,Graphium doson
1587,Graphium sarpedon
1588,Graphocephala atropunctata
1589,Graphocephala coccinea
1590,Graphocephala fennahi
1591,Graphocephala gothica
1592,Graphocephala versuta
1593,Graphopsocus cruciatus
1594,Graphosoma italicum
1595,Graphosoma semipunctatum
1596,Gryllodes sigillatus
1597,Grylloprociphilus imbricator
1598,Gryllotalpa gryllotalpa
1599,Gryllus bimaculatus
1600,Gryllus campestris
1601,Gryllus pennsylvanicus
1602,Gymnandrosoma punctidiscanum
1603,Gymnoscelis rufifasciata
1604,Habrodais grunus
1605,Habropoda laboriosa
1606,Habrosyne pyritoides
1607,Habrosyne scripta
1608,Haematopis grataria
1609,Hagenius brevistylus
1610,Halictus confusus
1611,Halictus farinosus
1612,Halictus ligatus
1613,Halictus poeyi
1614,Halictus rubicundus
1615,Halictus scabiosae
1616,Halictus tripartitus
1617,Halmus chalybeus
1618,Halone sejuncta
1619,Halyomorpha halys
1620,Halysidota harrisii
1621,Halysidota tessellaris
1622,Halyzia sedecimguttata
1623,Hamadryas amphinome
1624,Hamadryas februa
1625,Hamadryas feronia
1626,Hamamelistes spinosus
1627,Hamanumida daedalus
1628,Hamearis lucina
1629,Hapithus agitator
1630,Hapithus saltator
1631,Haploa clymene
1632,Haploa confusa
1633,Haploa lecontei
1634,Harmonia axyridis
1635,Harmonia conformis
1636,Harmonia quadripunctata
1637,Harmonia testudinaria
1638,Harpalus affinis
1639,Harpalus rufipes
1640,Harpocera thoracica
1641,Harrisimemna trisignata
1642,Harrisina americana
1643,Hasora chromus
1644,Hebomoia glaucippe
1645,Hecatera dysodea
1646,Heliconius charithonia
1647,Heliconius erato
1648,Helicoverpa armigera
1649,Helicoverpa zea
1650,Heliomata cycladata
1651,Heliopetes ericetorum
1652,Heliopetes laviana
1653,Heliophorus epicles
1654,Heliotaurus ruficollis
1655,Hellula hydralis
1656,Hellula rogatalis
1657,Helocassis clavata
1658,Helocordulia uhleri
1659,Helophilus fasciatus
1660,Helophilus hybridus
1661,Helophilus latifrons
1662,Helophilus pendulus
1663,Helophilus trivittatus
1664,Hemadas nubilipennis
1665,Hemaris diffinis
1666,Hemaris fuciformis
1667,Hemaris thetis
1668,Hemaris thysbe
1669,Hemiargus ceraunus
1670,Hemicordulia australiae
1671,Hemicordulia tau
1672,Hemideina crassidens
1673,Hemideina thoracica
1674,Hemileuca eglanterina
1675,Hemileuca maia
1676,Hemipenthes morio
1677,Hemipenthes sinuosa
1678,Hemithea aestivaria
1679,Henicopsaltria eydouxii
1680,Henosepilachna vigintioctopunctata
1681,Hermetia illucens
1682,Hermeuptychia sosybius
1683,Herpetogramma bipunctalis
1684,Herpetogramma licarsisalis
1685,Herpetogramma phaeopteralis
1686,Hesperia comma
1687,Hesperotettix viridis
1688,Hestina assimilis
1689,Hetaerina americana
1690,Hetaerina titia
1691,Heterocampa biundata
1692,Heterocampa guttivitta
1693,Heterocampa umbrata
1694,Heteronympha merope
1695,Heterophleps triguttaria
1696,Heteropterus morpheus
1697,Heterotoma planicornis
1698,Hethemia pistasciaria
1699,Hexagenia limbata
1700,Hierodula patellifera
1701,Hierodula transcaucasica
1702,Hileithia magualis
1703,Himacerus apterus
1704,Himacerus mirmicoides
1705,Hipparchia semele
1706,Hipparchia statilinus
1707,Hippiscus ocelote
1708,Hippodamia convergens
1709,Hippodamia notata
1710,Hippodamia parenthesis
1711,Hippodamia tredecimpunctata
1712,Hippodamia variegata
1713,Hippotion celerio
1714,Hippotion scrofa
1715,Hofmannophila pseudospretella
1716,Holorusia hespera
1717,Homalodisca vitripennis
1718,Homodotis megaspilata
1719,Homophoberia apicosa
1720,Hoplodrina ambigua
1721,Hoplodrina octogenaria
1722,Horisme intestinata
1723,Hormaphis hamamelidis
1724,Hyalophora cecropia
1725,Hyalophora euryalus
1726,Hyalymenus tarsatus
1727,Hydraecia micacea
1728,Hydriris ornatalis
1729,Hydrophilus triangularis
1730,Hygraula nitens
1731,Hylaeus modestus
1732,Hylephila phyleus
1733,Hyles euphorbiae
1734,Hyles gallii
1735,Hyles lineata
1736,Hyles livornica
1737,Hylobius abietis
1738,Hylogomphus adelphus
1739,Hymenia perspectalis
1740,Hypagyrtis unipunctata
1741,Hypanartia lethe
1742,Hypena abalienalis
1743,Hypena baltimoralis
1744,Hypena bijugalis
1745,Hypena madefactalis
1746,Hypena manalis
1747,Hypena palparia
1748,Hypena proboscidalis
1749,Hypena rostralis
1750,Hypena scabra
1751,Hypercompe scribonia
1752,Hyphantria cunea
1753,Hypobapta tachyhalotaria
1754,Hypocritanus fascipennis
1755,Hypocysta metirius
1756,Hypolimnas anomala
1757,Hypolimnas bolina
1758,Hypolimnas misippus
1759,Hypolycaena erylus
1760,Hypomecis punctinalis
1761,Hypoprepia fucosa
1762,Hypoprepia miniata
1763,Hyposidra talaca
1764,Hyppa xylinoides
1765,Hypselonotus interruptus
1766,Hypselonotus punctiventris
1767,Hypsopygia binodulalis
1768,Hypsopygia costalis
1769,Hypsopygia olinalis
1770,Hypsoropha hormos
1771,Hystricia abrupta
1772,Iambrix salsala
1773,Icaricia acmon
1774,Icaricia icarioides
1775,Icaricia lupini
1776,Icaricia saepiolus
1777,Icerya purchasi
1778,Ichneutica mutans
1779,Ichneutica plena
1780,Ichneutica ustistriga
1781,Ictinogomphus australis
1782,Ictinogomphus decoratus
1783,Ictinogomphus rapax
1784,Idaea aversata
1785,Idaea biselata
1786,Idaea degeneraria
1787,Idaea demissaria
1788,Idaea dimidiata
1789,Idaea fuscovenosa
1790,Idaea ochrata
1791,Idaea rusticata
1792,Idaea seriata
1793,Idaea tacturata
1794,Ideopsis similis
1795,Idia aemula
1796,Idia americalis
1797,Idia lubricalis
1798,Idia rotundalis
1799,Idiodes apicata
1800,Ilexia intractata
1801,Illeis galbula
1802,Iphiclides feisthamelii
1803,Iphiclides podalirius
1804,Iridomyrmex purpureus
1805,Iridopsis defectaria
1806,Iridopsis larvaria
1807,Iris oratoria
1808,Isa textula
1809,Ischnomera ruficollis
1810,Ischnura aurora
1811,Ischnura cervula
1812,Ischnura denticollis
1813,Ischnura elegans
1814,Ischnura fluviatilis
1815,Ischnura graellsii
1816,Ischnura hastata
1817,Ischnura heterosticta
1818,Ischnura kellicotti
1819,Ischnura perparva
1820,Ischnura posita
1821,Ischnura pumilio
1822,Ischnura ramburii
1823,Ischnura senegalensis
1824,Ischnura verticalis
1825,Ischyrus quadripunctatus
1826,Isochaetes beutenmuelleri
1827,Isodontia auripes
1828,Isodontia elegans
1829,Isodontia mexicana
1830,Isogona tenuis
1831,Isotenes miserana
1832,Issoria lathonia
1833,Issus coleoptratus
1834,Isturgia dislocaria
1835,Ixias pyrene
1836,Jadera haematoloma
1837,Jalmenus evagoras
1838,Jamides alecto
1839,Jamides bochus
1840,Jamides celeno
1841,Japananus hyalinus
1842,Jikradia olitoria
1843,Judolia cerambyciformis
1844,Junonia almana
1845,Junonia atlites
1846,Junonia coenia
1847,Junonia grisea
1848,Junonia hedonia
1849,Junonia hierta
1850,Junonia iphita
1851,Junonia lemonias
1852,Junonia neildi
1853,Junonia orithya
1854,Junonia villida
1855,Juriniopsis adusta
1856,Kaniska canace
1857,Kleidocerys resedae
1858,Knulliana cincta
1859,Kokkocynips imbricariae
1860,Kokkocynips rileyi
1861,Korscheltellus lupulina
1862,Kricogonia lyside
1863,Labidomera clivicollis
1864,Labidura riparia
1865,Lacanobia oleracea
1866,Lacinipolia laudabilis
1867,Lacinipolia olivacea
1868,Lacinipolia renigera
1869,Lactista gibbosus
1870,Lactura subfervens
1871,Ladona deplanata
1872,Ladona julia
1873,Laemostenus complanatus
1874,Lagria hirta
1875,Lagria villosa
1876,Lambdina fiscellaria
1877,Lamia textor
1878,Lampides boeticus
1879,Lamprima aurata
1880,Lampromicra senator
1881,Lamproptera curius
1882,Lamprosema victoriae
1883,Lampyris noctiluca
1884,Laothoe populi
1885,Lapara bombycoides
1886,Laphria flavicollis
1887,Laphria macquarti
1888,Laphria thoracica
1889,Lapposyrphus lapponicus
1890,Largus californicus
1891,Largus maculatus
1892,Largus succinctus
1893,Larinus carlinae
1894,Larinus turbinatus
1895,Larra bicolor
1896,Lascoria ambigualis
1897,Lasiocampa quercus
1898,Lasiocampa trifolii
1899,Lasioglossum fuscipenne
1900,Lasioglossum sisymbrii
1901,Lasiommata maera
1902,Lasiommata megera
1903,Lasius emarginatus
1904,Lasius fuliginosus
1905,Laspeyria flexula
1906,Lathrecista asiatica
1907,Lebadea martha
1908,Lebia viridis
1909,Lema daturaphila
1910,Lepidophora lutea
1911,Lepisiota capensis
1912,Lepisma saccharina
1913,Leptinotarsa decemlineata
1914,Leptinotarsa juncta
1915,Leptocneria reducta
1916,Leptoglossus clypealis
1917,Leptoglossus fulvicornis
1918,Leptoglossus gonagra
1919,Leptoglossus occidentalis
1920,Leptoglossus oppositus
1921,Leptoglossus phyllopus
1922,Leptoglossus zonatus
1923,Leptophobia aripa
1924,Leptophyes punctatissima
1925,Leptopterna dolabrata
1926,Leptosia nina
1927,Leptostales pannaria
1928,Leptotes cassius
1929,Leptotes marina
1930,Leptotes pirithous
1931,Leptotes plinius
1932,Leptura quadrifasciata
1933,Lepturobosca chrysocoma
1934,Lepturobosca virens
1935,Leptysma marginicollis
1936,Lepyronia quadrangularis
1937,Lerema accius
1938,Lerodea eufala
1939,Lestes alacer
1940,Lestes australis
1941,Lestes barbarus
1942,Lestes congener
1943,Lestes disjunctus
1944,Lestes dryas
1945,Lestes eurinus
1946,Lestes forcipatus
1947,Lestes inaequalis
1948,Lestes rectangularis
1949,Lestes sponsa
1950,Lestes unguiculatus
1951,Lestes vigilax
1952,Lestes virens
1953,Lethe anthedon
1954,Lethe appalachia
1955,Lethe eurydice
1956,Lethe portlandia
1957,Lethocerus americanus
1958,Leucania diatrecta
1959,Leucania incognita
1960,Leucinodes cordalis
1961,Leucochrysa pavida
1962,Leucoma salicis
1963,Leuconycta diphteroides
1964,Leuconycta lepidula
1965,Leucorrhinia dubia
1966,Leucorrhinia frigida
1967,Leucorrhinia glacialis
1968,Leucorrhinia hudsonica
1969,Leucorrhinia intacta
1970,Leucorrhinia proxima
1971,Leucorrhinia rubicunda
1972,Leucospis affinis
1973,Leucozona glaucia
1974,Lexias pardalis
1975,Libelloides coccajus
1976,Libellula auripennis
1977,Libellula axilena
1978,Libellula comanche
1979,Libellula croceipennis
1980,Libellula cyanea
1981,Libellula depressa
1982,Libellula flavida
1983,Libellula forensis
1984,Libellula fulva
1985,Libellula incesta
1986,Libellula luctuosa
1987,Libellula needhami
1988,Libellula pulchella
1989,Libellula quadrimaculata
1990,Libellula saturata
1991,Libellula semifasciata
1992,Libellula vibrans
1993,Liburniella ornata
1994,Libytheana carinenta
1995,Ligdia adustata
1996,Lilioceris lilii
1997,Limenitis archippus
1998,Limenitis arthemis
1999,Limenitis camilla
2000,Limenitis lorquini
2001,Limenitis populi
2002,Limenitis reducta
2003,Limenitis weidemeyerii
2004,Limnaecia phragmitella
2005,Limodromus assimilis
2006,Limonethe maurator
2007,Lineodes integra
2008,Linepithema humile
2009,Liocoris tripustulatus
2010,Liometopum occidentale
2011,Liophloeus tessulatus
2012,Liorhyssus hyalinus
2013,Lissopimpla excelsa
2014,Lithacodes fasciola
2015,Lithacodia musta
2016,Lithophane innominata
2017,Lithosia quadra
2018,Lixus iridis
2019,Lobocleta ossularia
2020,Lobophora nivigerata
2021,Lochmaeus bilineata
2022,Locusta migratoria
2023,Lomaspilis marginata
2024,Lomographa glomeraria
2025,Lomographa temerata
2026,Lomographa vestaliata
2027,Lon hobomok
2028,Lon melane
2029,Lon taxiles
2030,Lon zabulon
2031,Lophocampa argentata
2032,Lophocampa caryae
2033,Lophocampa maculata
2034,Lophosis labeculata
2035,Loxostege sticticalis
2036,Loxura atymnus
2037,Lucanus capreolus
2038,Lucanus cervus
2039,Lucanus elaphus
2040,Lucanus placidus
2041,Lucidota atra
2042,Lucilia cuprina
2043,Lucilia sericata
2044,Luperina testacea
2045,Luthrodes pandava
2046,Lycaena alciphron
2047,Lycaena dispar
2048,Lycaena hippothoe
2049,Lycaena phlaeas
2050,Lycaena thersamon
2051,Lycaena tityrus
2052,Lycaena virgaureae
2053,Lycia hirtaria
2054,Lycia ypsilon
2055,Lycomorpha pholus
2056,Lycorma delicatula
2057,Lygaeus equestris
2058,Lygaeus kalmii
2059,Lygaeus turcicus
2060,Lygistopterus sanguineus
2061,Lygropia rivulalis
2062,Lygus lineolaris
2063,Lygus pratensis
2064,Lymantria dispar
2065,Lymantria monacha
2066,Lyristes plebejus
2067,Lyssa zampa
2068,Lythria purpuraria
2069,Lytrosis unitaria
2070,Lytta aenea
2071,Lytta magister
2072,Macaria aemulataria
2073,Macaria alternata
2074,Macaria liturata
2075,Macaria notata
2076,Macaria pustularia
2077,Macdunnoughia confusa
2078,Machimia tentoriferella
2079,Macrodactylus subspinosus
2080,Macrodiplax balteata
2081,Macrodiplax cora
2082,Macroglossum stellatarum
2083,Macroglossum trochilus
2084,Macromia illinoiensis
2085,Macromia taeniolata
2086,Macrophya montana
2087,Macrosiphum rosae
2088,Macrothylacia rubi
2089,Macrurocampa marthesia
2090,Magicicada cassinii
2091,Magicicada septendecim
2092,Magicicada septendecula
2093,Magusa divaricata
2094,Malachius aeneus
2095,Malachius bipustulatus
2096,Malacosoma americana
2097,Malacosoma californica
2098,Malacosoma disstria
2099,Malacosoma neustria
2100,Maliattha amorpha
2101,Maliattha synochitis
2102,Mallodon dasystomus
2103,Mallophora fautrix
2104,Mallophora leschenaulti
2105,Mallota bautias
2106,Mallota posticata
2107,Mamestra brassicae
2108,Manduca quinquemaculatus
2109,Manduca rustica
2110,Manduca sexta
2111,Maniola jurtina
2112,Mantis religiosa
2113,Marasmia poeyalis
2114,Marathyssa inficita
2115,Marimatha nigrofimbria
2116,Marpesia chiron
2117,Marpesia petreus
2118,Maruca vitrata
2119,Matrona cyanoptera
2120,Mausoleopsis amabilis
2121,Meconema meridionale
2122,Meconema thalassinum
2123,Megachile inermis
2124,Megachile latimanus
2125,Megachile mendica
2126,Megachile perihirta
2127,Megachile policaris
2128,Megachile rotundata
2129,Megachile sculpturalis
2130,Megachile xylocopoides
2131,Megacopta cribraria
2132,Megacyllene robiniae
2133,Megalodacne fasciata
2134,Megalodacne heros
2135,Megalographa biloba
2136,Megalopyge crispata
2137,Megalopyge opercularis
2138,Megalotomus quinquespinosus
2139,Megaphasma denticrus
2140,Megarhyssa atrata
2141,Megarhyssa macrurus
2142,Megatibicen auletes
2143,Megatibicen dorsatus
2144,Megatibicen resh
2145,Megisto cymela
2146,Melacoryphus lateralis
2147,Melanargia galathea
2148,Melanargia lachesis
2149,Melanchra adjuncta
2150,Melanchra persicariae
2151,Melanchroia chephise
2152,Melangyna novaezelandiae
2153,Melangyna viridiceps
2154,Melanis cephise
2155,Melanis pixe
2156,Melanitis leda
2157,Melanitis phedima
2158,Melanocoryphus albomaculatus
2159,Melanodes anthracitaria
2160,Melanolestes picipes
2161,Melanolophia canadaria
2162,Melanoplus bivittatus
2163,Melanoplus differentialis
2164,Melanoplus femurrubrum
2165,Melanoplus ponderosus
2166,Melanoplus punctulatus
2167,Melanoplus sanguinipes
2168,Melanostoma mellinum
2169,Melanostoma scalare
2170,Melaphis rhois
2171,Melipotis acontioides
2172,Melipotis cellaris
2173,Melipotis indomita
2174,Melipotis jucunda
2175,Meliscaeva auricollis
2176,Meliscaeva cinctella
2177,Melissodes bimaculatus
2178,Melissodes desponsus
2179,Melitaea athalia
2180,Melitaea celadussa
2181,Melitaea cinxia
2182,Melitaea diamina
2183,Melitaea didyma
2184,Melitaea phoebe
2185,Melittia cucurbitae
2186,Mellilla xanthometata
2187,Mellinus arvensis
2188,Meloe proscarabaeus
2189,Meloe violaceus
2190,Melolontha melolontha
2191,Membracis mexicana
2192,Menecles insertus
2193,Menophra abruptaria
2194,Menosoma cinctum
2195,Meranda susialis
2196,Mermiria bivittata
2197,Merodon equestris
2198,Meromacrus acutus
2199,Mesembrina meridiana
2200,Mesocelis monticola
2201,Mesoleuca ruficillata
2202,Mesoligia furuncula
2203,Messor barbarus
2204,Messor capensis
2205,Mestra amymone
2206,Metalectra discalis
2207,Metaleptea brevicornis
2208,Metanema inatomaria
2209,Metcalfa pruinosa
2210,Metria amella
2211,Metura elongatus
2212,Miathyria marcella
2213,Micraspis frenata
2214,Micrathyria aequalis
2215,Micrathyria hagenii
2216,Microcentrum retinerve
2217,Microcentrum rhombifolium
2218,Microcrambus biguttellus
2219,Microcrambus elegans
2220,Micromus posticus
2221,Micromus subanticus
2222,Micromus tasmaniae
2223,Micronia aculeata
2224,Microrhopala vittata
2225,Microstylum morosum
2226,Microtheoris ophionalis
2227,Microtheoris vibicalis
2228,Microtia elva
2229,Mikiola fagi
2230,Milesia virginiensis
2231,Milionia zonea
2232,Miltochrista miniata
2233,Mimas tiliae
2234,Mimoschinia rufofascialis
2235,Minois dryas
2236,Miomantis caffra
2237,Miramella alpina
2238,Mischocyttarus flavitarsis
2239,Mischocyttarus mexicanus
2240,Mocis frugalis
2241,Mocis latipes
2242,Mocis marcida
2243,Moduza procris
2244,Monobia quadridens
2245,Monocesta coryli
2246,Monochamus carolinensis
2247,Monochamus clamator
2248,Monochamus galloprovincialis
2249,Monochamus notatus
2250,Monochamus scutellatus
2251,Monochamus sutor
2252,Mononychus punctumalbum
2253,Monopis crocicapitella
2254,Monteithiella humeralis
2255,Morimus asper
2256,Mormidea lugens
2257,Mormo maura
2258,Morpho helenor
2259,Morrisonia confusa
2260,Morrisonia evicta
2261,Morrisonia latex
2262,Mulsantina picta
2263,Murgantia histrionica
2264,Musca autumnalis
2265,Musca domestica
2266,Myathropa florea
2267,Mycalesis mineus
2268,Mycalesis mucianus
2269,Mycalesis perseoides
2270,Mydas clavatus
2271,Mylabris quadripunctata
2272,Mylabris variabilis
2273,Myllocerus undecimpustulatus
2274,Myodocha serripes
2275,Myrmecia forficata
2276,Myrmecia nigriscapa
2277,Myrmecia nigrocincta
2278,Myrmecia pilosula
2279,Myrmecia simillima
2280,Myrmeleotettix maculatus
2281,Myrmicaria natalensis
2282,Myscelia ethusa
2283,Mystacides longicornis
2284,Mythimna albipuncta
2285,Mythimna convecta
2286,Mythimna ferrago
2287,Mythimna oxygala
2288,Mythimna pallens
2289,Mythimna unipuncta
2290,Mythimna vitellina
2291,Myzinum obscurum
2292,Myzinum quinquecinctum
2293,Nacaduba kurava
2294,Nacoleia rhoeoalis
2295,Nadata gibbosa
2296,Nannodiplax rubra
2297,Nannothemis bella
2298,Nannotrigona perilampoides
2299,Nasiaeschna pentacantha
2300,Nastra lherminier
2301,Nathalis iole
2302,Naupactus leucoloma
2303,Naupactus xanthographus
2304,Neacoryphus bicrucis
2305,Neandra brunnea
2306,Nebria brevicollis
2307,Necrodes surinamensis
2308,Necrophila americana
2309,Nedra ramosula
2310,Nedyus quadrimaculatus
2311,Nehalennia gracilis
2312,Nehalennia irene
2313,Nematocampa resistaria
2314,Nemobius sylvestris
2315,Nemophora degeerella
2316,Nemophora metallica
2317,Nemoria bistriaria
2318,Nemoria lixaria
2319,Nemoria mimosaria
2320,Nemorimyza posticata
2321,Neoalcis californiaria
2322,Neocicada hieroglyphica
2323,Neoclytus acuminatus
2324,Neoclytus mucronatus
2325,Neoconocephalus triops
2326,Neocurtilla hexadactyla
2327,Neophasia menapia
2328,Neoponera villosa
2329,Neorrhina punctatum
2330,Neotephritis finalis
2331,Neotibicen canicularis
2332,Neotibicen linnei
2333,Neotibicen lyricen
2334,Neotibicen pruinosus
2335,Neotibicen superbus
2336,Neotibicen tibicen
2337,Neoxabea bipunctata
2338,Nepa cinerea
2339,Nephelodes minians
2340,Neptis hylas
2341,Neptis rivularis
2342,Neptis sappho
2343,Nepytia canosaria
2344,Nepytia phantasmaria
2345,Nerice bidentata
2346,Nesciothemis farinosa
2347,Neuroterus numismalis
2348,Neuroterus quercusbaccarum
2349,Neuroterus quercusverrucarum
2350,Neuroterus saltatorius
2351,Neurothemis fluctuans
2352,Neurothemis fulvia
2353,Neurothemis stigmatizans
2354,Neurothemis taiwanensis
2355,Neurothemis tullia
2356,Nezara viridula
2357,Nicrophorus defodiens
2358,Nicrophorus investigator
2359,Nicrophorus orbicollis
2360,Nicrophorus pustulatus
2361,Nicrophorus tomentosus
2362,Nicrophorus vespillo
2363,Nicrophorus vespilloides
2364,Nigetia formosalis
2365,Nigronia serricornis
2366,Nisitrus malaya
2367,Noctua comes
2368,Noctua fimbriata
2369,Noctua pronuba
2370,Nola cereella
2371,Nola desmotes
2372,Nomophila nearctica
2373,Nomophila noctuella
2374,Norape ovina
2375,Nososticta solida
2376,Notocrypta curvifascia
2377,Notocrypta paralysos
2378,Notodonta dromedarius
2379,Notodonta torva
2380,Notodonta ziczac
2381,Novomessor cockerelli
2382,Nowickia ferox
2383,Nyctemera adversata
2384,Nyctemera amicus
2385,Nyctemera annulata
2386,Nyctemera baulus
2387,Nyctophila reichii
2388,Nymphalis antiopa
2389,Nymphalis californica
2390,Nymphalis l-album
2391,Nymphalis polychloros
2392,Nymphalis xanthomelas
2393,Nymphes myrmeleonoides
2394,Obrium maculatum
2395,Ochlodes agricola
2396,Ochlodes sylvanoides
2397,Ochlodes sylvanus
2398,Ochrogaster lunifer
2399,Ochropleura implecta
2400,Ochropleura plecta
2401,Octogomphus specularis
2402,Ocybadistes walkeri
2403,Ocyptamus fuscipennis
2404,Ocypus olens
2405,Odezia atrata
2406,Odontotaenius disjunctus
2407,Oebalus pugnax
2408,Oecanthus nigricornis
2409,Oecanthus niveus
2410,Oecanthus pellucens
2411,Oecophylla smaragdina
2412,Oedemera femorata
2413,Oedemera flavipes
2414,Oedemera nobilis
2415,Oedemera podagrariae
2416,Oedipoda caerulescens
2417,Oemona hirta
2418,Oenochroma vinaria
2419,Oenopia conglobata
2420,Oenosandra boisduvalii
2421,Ogdoconta cinereola
2422,Oiceoptoma noveboracense
2423,Oiceoptoma thoracicum
2424,Olethreutes fasciatana
2425,Oligoria maculata
2426,Olla v-nigrum
2427,Omocestus rufipes
2428,Omocestus viridulus
2429,Oncocera semirubella
2430,Oncometopia orbona
2431,Oncopeltus fasciatus
2432,Ontholestes cingulatus
2433,Onychargia atrocyana
2434,Onychogomphus forcipatus
2435,Onychogomphus uncatus
2436,Operophtera bruceata
2437,Operophtera brumata
2438,Ophiogomphus cecilia
2439,Ophiogomphus severus
2440,Ophiusa disjungens
2441,Ophraella communa
2442,Opisthograptis luteolata
2443,Opodiphthera eucalypti
2444,Opodiphthera helena
2445,Orchelimum nigripes
2446,Orchelimum pulchellum
2447,Orchithemis pulcherrima
2448,Oreta rosea
2449,Orgyia antiqua
2450,Orgyia definita
2451,Orgyia detrita
2452,Orgyia leucostigma
2453,Orgyia postica
2454,Orgyia vetusta
2455,Orientus ishidae
2456,Ormenoides venusta
2457,Ornidia obesa
2458,Orocrambus flexuosellus
2459,Orsotriaena medus
2460,Orthemis discolor
2461,Orthemis ferruginea
2462,Orthetrum albistylum
2463,Orthetrum brunneum
2464,Orthetrum caledonicum
2465,Orthetrum cancellatum
2466,Orthetrum chrysis
2467,Orthetrum chrysostigma
2468,Orthetrum coerulescens
2469,Orthetrum glaucum
2470,Orthetrum luzonicum
2471,Orthetrum pruinosum
2472,Orthetrum sabina
2473,Orthetrum testaceum
2474,Orthetrum triangulare
2475,Orthetrum villosovittatum
2476,Orthodera ministralis
2477,Orthodera novaezealandiae
2478,Orthonama obstipata
2479,Orthonevra nitida
2480,Orthorhinus cylindrirostris
2481,Orthosia cerasi
2482,Orthosia cruda
2483,Orthosia gothica
2484,Orthosia hibisci
2485,Orthosia incerta
2486,Orthosia revicta
2487,Orthosoma brunneum
2488,Orthostethus infuscatus
2489,Ortilia ithra
2490,Orvasca subnotata
2491,Oryctes nasicornis
2492,Oryctes rhinoceros
2493,Osmia bicornis
2494,Osmia cornifrons
2495,Osmia cornuta
2496,Osmoderma eremicola
2497,Osmoderma scabra
2498,Ostrinia nubilalis
2499,Otiorhynchus ovatus
2500,Otiorhynchus raucus
2501,Otiorhynchus rugosostriatus
2502,Otiorhynchus singularis
2503,Otiorhynchus sulcatus
2504,Ourapteryx sambucaria
2505,Oxycarenus lavaterae
2506,Oxythyrea funesta
2507,Oxythyrea marginalis
2508,Pacarina puella
2509,Pachliopta aristolochiae
2510,Pachliopta hector
2511,Pachodynerus erynnis
2512,Pachydiplax longipennis
2513,Pachylia ficus
2514,Pachylis nervosus
2515,Pachypsylla celtidisasterisca
2516,Pachypsylla celtidismamma
2517,Pachypsylla celtidisvesicula
2518,Pachypsylla venusta
2519,Pachysphinx modesta
2520,Pachyta quadrimaculata
2521,Paectes abrostoloides
2522,Paleacrita vernata
2523,Palomena prasina
2524,Palpada furcata
2525,Palpada mexicana
2526,Palpada pusilla
2527,Palpada vinetorum
2528,Palpita atrisquamalis
2529,Palpita flegia
2530,Palpita magniferalis
2531,Palpita quadristigmalis
2532,Palpita vitrealis
2533,Palpopleura lucia
2534,Palthis angulalis
2535,Palthis asopialis
2536,Paltothemis lineatipes
2537,Panchlora nivea
2538,Pangrapta decoralis
2539,Panopoda carneicosta
2540,Panopoda rufimargo
2541,Panoquina ocola
2542,Panorpa communis
2543,Panorpa germanica
2544,Panorpa nuptialis
2545,Panorpa vulgaris
2546,Pantala flavescens
2547,Pantala hymenaea
2548,Panthea acronyctoides
2549,Panthea furcilla
2550,Pantographa limata
2551,Pantomorus cervinus
2552,Pantydia sparsa
2553,Paonias excaecata
2554,Paonias myops
2555,Papaipema inquaesita
2556,Papaipema pterisii
2557,Papilio aegeus
2558,Papilio anactus
2559,Papilio anchisiades
2560,Papilio canadensis
2561,Papilio clytia
2562,Papilio cresphontes
2563,Papilio demoleus
2564,Papilio eurymedon
2565,Papilio garamas
2566,Papilio glaucus
2567,Papilio helenus
2568,Papilio machaon
2569,Papilio memnon
2570,Papilio multicaudata
2571,Papilio palamedes
2572,Papilio paris
2573,Papilio polymnestor
2574,Papilio polytes
2575,Papilio polyxenes
2576,Papilio protenor
2577,Papilio rumiko
2578,Papilio rutulus
2579,Papilio thoas
2580,Papilio troilus
2581,Papilio xuthus
2582,Papilio zelicaon
2583,Paraclemensia acerifoliella
2584,Paracorymbia fulva
2585,Paracorymbia maculicornis
2586,Paraeschra georgica
2587,Paragus haemorrhous
2588,Parallelia bistriaris
2589,Parancistrocerus perennis
2590,Parantica aglea
2591,Parapediasia teterrellus
2592,Paraponera clavata
2593,Parapoynx allionealis
2594,Parapoynx badiusalis
2595,Parapoynx diminutalis
2596,Parapoynx maculalis
2597,Parapoynx stratiotata
2598,Pararge aegeria
2599,Parasa chloris
2600,Paratrechina longicornis
2601,Paraulacizes irrorata
2602,Parectopa robiniella
2603,Pareronia hippia
2604,Pareuchaetes insulata
2605,Pareuptychia ocirrhoe
2606,Parides photinus
2607,Parnara guttata
2608,Parnassius apollo
2609,Parnassius clodius
2610,Parnassius mnemosyne
2611,Parnassius smintheus
2612,Parrhasius m-album
2613,Pasiphila rectangulata
2614,Pasiphilodes testulata
2615,Patalene olyzonaria
2616,Patania ruralis
2617,Paysandisia archon
2618,Pelecinus polyturator
2619,Pelidnota punctata
2620,Pellaea stictica
2621,Pelopidas mathias
2622,Pentatoma rufipes
2623,Peponapis pruinosa
2624,Pepsis thisbe
2625,Peribatodes rhomboidaria
2626,Peridea angulosa
2627,Peridea basitriens
2628,Peridea ferruginea
2629,Peridroma saucia
2630,Perina nuda
2631,Periplaneta americana
2632,Periplaneta australasiae
2633,Periplaneta fuliginosa
2634,Perispasta caeculalis
2635,Perithemis domitia
2636,Perithemis intensa
2637,Perithemis tenera
2638,Perizoma alchemillata
2639,Persectania ewingii
2640,Petrophila bifascialis
2641,Petrophila canadensis
2642,Petrophila fulicalis
2643,Petrophila jaliscalis
2644,Petrophora chlorosata
2645,Pezotettix giornae
2646,Phaedyma columella
2647,Phaeoura quernaria
2648,Phalaenoides glycinae
2649,Phalaenophana pyramusalis
2650,Phalaenostola larentioides
2651,Phalanta phalantha
2652,Phalera bucephala
2653,Phanaeus vindex
2654,Phaneroptera falcata
2655,Phaneroptera nana
2656,Phania funesta
2657,Phanogomphus exilis
2658,Phanogomphus lividus
2659,Phanogomphus militaris
2660,Phanogomphus spicatus
2661,Phasia aurigera
2662,Phasia hemiptera
2663,Phaulacridium marginale
2664,Phaulacridium vittatum
2665,Pheidole megacephala
2666,Phelotis cognata
2667,Phengaris arion
2668,Pheosia gnoma
2669,Pheosia rimosa
2670,Pheosia tremula
2671,Pheosidea elegans
2672,Phigalia strigataria
2673,Phigalia titea
2674,Philaenus spumarius
2675,Philanthus bilunatus
2676,Philanthus gibbosus
2677,Philanthus triangulum
2678,Philenora aspectalella
2679,Phileurus truncatus
2680,Phileurus valgus
2681,Philonix nigra
2682,Phloeodes diabolicus
2683,Phlogophora iris
2684,Phlogophora meticulosa
2685,Phlogophora periculosa
2686,Phoberia atomaris
2687,Phobetron pithecium
2688,Phocides lilea
2689,Phocides pigmalion
2690,Phoebis agarithe
2691,Phoebis philea
2692,Phoebis sennae
2693,Pholidoptera griseoaptera
2694,Pholisora catullus
2695,Pholodes sinistraria
2696,Phoracantha recurva
2697,Phoracantha semipunctata
2698,Phormia regina
2699,Phosphila miselioides
2700,Phosphila turbulenta
2701,Phosphuga atrata
2702,Photinus pyralis
2703,Phragmatobia fuliginosa
2704,Phrissogonus laticostata
2705,Phryganidia californica
2706,Phyciodes cocyta
2707,Phyciodes graphica
2708,Phyciodes mylitta
2709,Phyciodes phaon
2710,Phyciodes pulchella
2711,Phyciodes tharos
2712,Phyllobius oblongus
2713,Phyllobius pomaceus
2714,Phyllobius pyri
2715,Phyllocnistis insignis
2716,Phyllocnistis populiella
2717,Phyllocnistis vitifoliella
2718,Phyllodesma americana
2719,Phyllogomphoides albrighti
2720,Phyllogomphoides stigmatus
2721,Phyllopalpus pulchellus
2722,Phyllopertha horticola
2723,Phymata americana
2724,Phymata fasciata
2725,Phymata pennsylvanica
2726,Phymateus leprosus
2727,Phymatodes testaceus
2728,Phyprosopus callitrichoides
2729,Physocephala furcillata
2730,Physocephala tibialis
2731,Physopelta gutta
2732,Phytoliriomyza melampyga
2733,Phytomyza agromyzina
2734,Phytomyza aralivora
2735,Phytomyza ilicicola
2736,Phytomyza ilicis
2737,Picromerus bidens
2738,Pieris brassicae
2739,Pieris canidia
2740,Pieris mannii
2741,Pieris marginalis
2742,Pieris napi
2743,Pieris oleracea
2744,Pieris rapae
2745,Piezodorus lituratus
2746,Plagiodera versicolora
2747,Plagiognathus arbustorum
2748,Plagiosterna aenea
2749,Plagodis alcoolaria
2750,Plagodis phlogosaria
2751,Plagodis serinaria
2752,Plathemis lydia
2753,Platycleis albopunctata
2754,Platycnemis latipes
2755,Platycnemis pennipes
2756,Platycotis vittata
2757,Platydracus maculosus
2758,Platynota exasperatana
2759,Platynota flavedana
2760,Platynota idaeusalis
2761,Platynota rostrana
2762,Platystomos albinus
2763,Plebejus anna
2764,Plebejus argus
2765,Plebejus idas
2766,Plebejus melissa
2767,Plecia nearctica
2768,Plectrodera scalator
2769,Pleuroprucha insulsaria
2770,Plinthocoelium suaveolens
2771,Plodia interpunctella
2772,Plusia putnami
2773,Plusiodonta compressipalpis
2774,Plutella xylostella
2775,Poanes viator
2776,Podabrus rugosulus
2777,Podisma pedestris
2778,Podisus maculiventris
2779,Poecilanthrax lucifer
2780,Poecilasthena pulchraria
2781,Poecilocampa populi
2782,Poecilocapsus lineatus
2783,Poecilocoris lewisi
2784,Pogonocherus hispidus
2785,Pogonomyrmex badius
2786,Pogonomyrmex barbatus
2787,Pogonomyrmex californicus
2788,Pogonomyrmex rugosus
2789,Pogonortalis doclea
2790,Polistes annularis
2791,Polistes apachus
2792,Polistes aurifer
2793,Polistes bellicosus
2794,Polistes canadensis
2795,Polistes carnifex
2796,Polistes carolina
2797,Polistes chinensis
2798,Polistes dominula
2799,Polistes dorsalis
2800,Polistes exclamans
2801,Polistes fuscatus
2802,Polistes gallicus
2803,Polistes instabilis
2804,Polistes major
2805,Polistes metricus
2806,Polistes nimpha
2807,Polistes rubiginosus
2808,Polistes versicolor
2809,Polites mystic
2810,Polites peckius
2811,Polites sabuleti
2812,Polites themistocles
2813,Polites vibex
2814,Polybia occidentalis
2815,Polybia scutellaris
2816,Polydrusus cervinus
2817,Polydrusus formosus
2818,Polydrusus impressifrons
2819,Polydrusus tereticollis
2820,Polygonia c-album
2821,Polygonia c-aureum
2822,Polygonia comma
2823,Polygonia faunus
2824,Polygonia gracilis
2825,Polygonia interrogationis
2826,Polygonia progne
2827,Polygonia satyrus
2828,Polygrammate hebraeicum
2829,Polyommatus amandus
2830,Polyommatus bellargus
2831,Polyommatus coridon
2832,Polyommatus damon
2833,Polyommatus icarus
2834,Polyphylla decemlineata
2835,Polyphylla fullo
2836,Polyrhachis ammon
2837,Polyrhachis schistacea
2838,Polystepha globosa
2839,Polystepha pilulae
2840,Pompeius verna
2841,Ponometia candefacta
2842,Ponometia erastrioides
2843,Ponometia semiflava
2844,Pontania californica
2845,Pontia daplidice
2846,Pontia edusa
2847,Pontia occidentalis
2848,Pontia protodice
2849,Popillia japonica
2850,Potamarcha congener
2851,Potanthus omaha
2852,Prasinocyma semicrocea
2853,Prenolepis imparis
2854,Prionoplus reticularis
2855,Prionoxystus robiniae
2856,Prionus californicus
2857,Prionus coriarius
2858,Prionus imbricornis
2859,Prionus laticollis
2860,Pristhesancus plagipennis
2861,Probole amicaria
2862,Procecidochares atra
2863,Prochoerodes lineola
2864,Prociphilus tessellatus
2865,Progomphus borealis
2866,Progomphus obscurus
2867,Prolimacodes badia
2868,Promachus hinei
2869,Promachus rufipes
2870,Promalactis suzukiella
2871,Promeces longipes
2872,Propylea quatuordecimpunctata
2873,Prosapia bicincta
2874,Prosotas dubiosa
2875,Prosotas nora
2876,Protaetia cuprea
2877,Protaetia morio
2878,Protambulyx strigilis
2879,Proteuxoa hypochalchis
2880,Proteuxoa sanguinipuncta
2881,Protoboarmia porcelaria
2882,Protodeltote albidula
2883,Protodeltote muscosula
2884,Proxys punctulatus
2885,Psaltoda moerens
2886,Psaltoda plaga
2887,Psamatodes abydata
2888,Pselliopus barberi
2889,Pselliopus cinctus
2890,Pseudagrion microcephalum
2891,Pseudagrion rubriceps
2892,Pseudeustrotia carneola
2893,Pseudochorthippus curtipennis
2894,Pseudochorthippus parallelus
2895,Pseudocneorhinus bifasciatus
2896,Pseudocoremia suavis
2897,Pseudodynerus quadrisectus
2898,Pseudoedophrys hilleri
2899,Pseudohemihyalea edwardsii
2900,Pseudohermonassa bicarnea
2901,Pseudoips prasinana
2902,Pseudoleon superbus
2903,Pseudomantis albofimbriata
2904,Pseudomethoca simillima
2905,Pseudomops septentrionalis
2906,Pseudomyrmex gracilis
2907,Pseudopanthera macularia
2908,Pseudosphinx tetrio
2909,Pseudothyatira cymatophoroides
2910,Pseudothyris sepulchralis
2911,Pseudovadonia livida
2912,Pseudozizeeria maha
2913,Psilothrix viridicoerulea
2914,Psophus stridulus
2915,Psorophora ciliata
2916,Psorophora ferox
2917,Psyche casta
2918,Psychomorpha epimenis
2919,Psylla buxi
2920,Psyllobora vigintiduopunctata
2921,Psyllobora vigintimaculata
2922,Ptecticus trivittatus
2923,Pterophorus pentadactyla
2924,Pterophylla camellifolia
2925,Pterostichus melanarius
2926,Pterostichus niger
2927,Pterostoma palpina
2928,Ptilodon capucina
2929,Ptilothrix bombiformis
2930,Publilia concava
2931,Pycnoscelus surinamensis
2932,Pyralis farinalis
2933,Pyrausta acrionalis
2934,Pyrausta aurata
2935,Pyrausta bicoloralis
2936,Pyrausta despicata
2937,Pyrausta inornatalis
2938,Pyrausta laticlavia
2939,Pyrausta orphisalis
2940,Pyrausta purpuralis
2941,Pyrausta signatalis
2942,Pyrausta tyralis
2943,Pyrausta volupialis
2944,Pyrgota undata
2945,Pyrgus malvae
2946,Pyrgus malvoides
2947,Pyrisitia lisa
2948,Pyrisitia proterpia
2949,Pyrochroa coccinea
2950,Pyrochroa serraticornis
2951,Pyromorpha dimidiata
2952,Pyronia bathseba
2953,Pyronia cecilia
2954,Pyronia tithonus
2955,Pyrops candelaria
2956,Pyrrhalta viburni
2957,Pyrrharctia isabella
2958,Pyrrhocoris apterus
2959,Pyrrhosoma nymphula
2960,Quesada gigas
2961,Rabdophaga rosaria
2962,Rabdophaga strobiloides
2963,Rachiplusia ou
2964,Rainieria antennaepes
2965,Rapala manea
2966,Raphia frater
2967,Rasahus hamatus
2968,Reduvius personatus
2969,Renia adspergillus
2970,Renia discoloralis
2971,Renia flavipunctalis
2972,Repipta taurus
2973,Rhagio mystaceus
2974,Rhagio scolopaceus
2975,Rhagio tringarius
2976,Rhagium bifasciatum
2977,Rhagium inquisitor
2978,Rhagium mordax
2979,Rhagonycha fulva
2980,Rhaphigaster nebulosa
2981,Rhapsa scotosialis
2982,Rheumaptera prunivorata
2983,Rhingia campestris
2984,Rhingia nasica
2985,Rhinocyllus conicus
2986,Rhionaeschna californica
2987,Rhionaeschna multicolor
2988,Rhionaeschna mutata
2989,Rhodobaenus quinquepunctatus
2990,Rhodogastria amasis
2991,Rhodometra sacraria
2992,Rhodothemis lieftincki
2993,Rhodothemis rufa
2994,Rhopalapion longirostre
2995,Rhopalomyia californica
2996,Rhopalomyia solidaginis
2997,Rhopalus subrufus
2998,Rhynchophorus ferrugineus
2999,Rhynocoris iracundus
3000,Rhyothemis graphiptera
3001,Rhyothemis phyllis
3002,Rhyothemis variegata
3003,Rhyparochromus vulgaris
3004,Rhytidoponera metallica
3005,Rhyzobius chrysomeloides
3006,Riodina lysippoides
3007,Riptortus pedestris
3008,Rivula propinqualis
3009,Rivula sericealis
3010,Roeseliana roeselii
3011,Romalea microptera
3012,Ronderosia bergii
3013,Rosalia alpina
3014,Rosalia funebris
3015,Ruspolia nitidula
3016,Rutpela maculata
3017,Sabulodes aegrotata
3018,Samea baccatalis
3019,Samea ecclesialis
3020,Samea multiplicalis
3021,Sameodes cancellalis
3022,Saperda tridentata
3023,Saturnia pavonia
3024,Saturnia pyri
3025,Satyrium acadica
3026,Satyrium calanus
3027,Satyrium californica
3028,Satyrium favonius
3029,Satyrium ilicis
3030,Satyrium liparops
3031,Satyrium saepium
3032,Satyrium spini
3033,Satyrium sylvinus
3034,Satyrium titus
3035,Satyrium w-album
3036,Satyrus ferula
3037,Saucrobotys futilalis
3038,Scaeva affinis
3039,Scaeva pyrastri
3040,Scantius aegyptius
3041,Scaphinotus angusticollis
3042,Scarites subterraneus
3043,Scathophaga stercoraria
3044,Sceliphron caementarium
3045,Sceliphron curvatum
3046,Schinia arcigera
3047,Schinia chrysellus
3048,Schinia florida
3049,Schinia rivulosa
3050,Schistocerca americana
3051,Schistocerca damnifica
3052,Schistocerca flavofasciata
3053,Schistocerca lineata
3054,Schistocerca nitens
3055,Schistocerca obscura
3056,Schizura concinna
3057,Schizura ipomaeae
3058,Schizura unicornis
3059,Sciaphilus asperatus
3060,Sciota uvinella
3061,Scolecocampa liburna
3062,Scolia bicincta
3063,Scolia dubia
3064,Scolia hirta
3065,Scolia nobilitata
3066,Scoliopteryx libatrix
3067,Scolitantides orion
3068,Scolypopa australis
3069,Scoparia biplagialis
3070,Scoparia halopis
3071,Scopula imitaria
3072,Scopula immorata
3073,Scopula inductata
3074,Scopula limboundata
3075,Scopula optivata
3076,Scopula ornata
3077,Scopula rubraria
3078,Scotopteryx chenopodiata
3079,Scudderia furcata
3080,Scudderia mexicana
3081,Scudderia septentrionalis
3082,Scythris trivinctella
3083,Sehirus cinctus
3084,Selenia dentaria
3085,Selenia tetralunaria
3086,Serica brunnea
3087,Sericomyia chalcopyga
3088,Sericomyia chrysotoxoides
3089,Sericomyia militaris
3090,Sericomyia silentis
3091,Shelfordella lateralis
3092,Sibovia occatoria
3093,Sibovia sagata
3094,Sicus ferrugineus
3095,Sicya macularia
3096,Simosyrphus grandicornis
3097,Sinodendron cylindricum
3098,Siona lineata
3099,Siphanta acuta
3100,Siproeta epaphus
3101,Siproeta stelenes
3102,Sitochroa palealis
3103,Sitochroa verticalis
3104,Sitona hispidulus
3105,Sitona lepidus
3106,Sitona lineatus
3107,Smerinthus cerisyi
3108,Smerinthus jamaicensis
3109,Smerinthus ocellata
3110,Smerinthus ophthalmica
3111,Smyrna blomfildia
3112,Solenopsis invicta
3113,Solenopsis xyloni
3114,Somatochlora flavomaculata
3115,Somatochlora metallica
3116,Somatochlora semicircularis
3117,Somatochlora tenebrosa
3118,Somatochlora walshii
3119,Spalgis epius
3120,Sparganothis sulfureana
3121,Sparganothoides lentiginosana
3122,Spartocera fusca
3123,Spectrotrota fimbrialis
3124,Speiredonia spectans
3125,Speyeria aglaja
3126,Speyeria aphrodite
3127,Speyeria atlantis
3128,Speyeria callippe
3129,Speyeria coronis
3130,Speyeria cybele
3131,Speyeria hesperis
3132,Speyeria hydaspe
3133,Speyeria idalia
3134,Speyeria mormonia
3135,Sphaenothecus bilineatus
3136,Sphaerophoria contigua
3137,Sphaerophoria scripta
3138,Sphaerophoria sulphuripes
3139,Sphecius speciosus
3140,Sphecodes albilabris
3141,Sphecodina abbottii
3142,Sphenarches anisodactylus
3143,Sphenarium purpurascens
3144,Sphex funerarius
3145,Sphex habenus
3146,Sphex ichneumoneus
3147,Sphex lucae
3148,Sphex nudus
3149,Sphex pensylvanicus
3150,Sphingomorpha chlorea
3151,Sphinx chersis
3152,Sphinx kalmiae
3153,Sphinx ligustri
3154,Sphinx pinastri
3155,Sphinx poecila
3156,Sphodromantis viridis
3157,Sphrageidus similis
3158,Spialia sertorius
3159,Spicauda procne
3160,Spilomyia fusca
3161,Spilomyia longicornis
3162,Spilomyia sayi
3163,Spilosoma congrua
3164,Spilosoma curvata
3165,Spilosoma glatignyi
3166,Spilosoma lubricipeda
3167,Spilosoma lutea
3168,Spilosoma virginica
3169,Spilostethus pandurus
3170,Spilostethus saxatilis
3171,Spodoptera dolichos
3172,Spodoptera exigua
3173,Spodoptera frugiperda
3174,Spodoptera litura
3175,Spodoptera mauritia
3176,Spodoptera ornithogalli
3177,Spoladea recurvalis
3178,Spondylis buprestoides
3179,Spragueia leo
3180,Stagmomantis californica
3181,Stagmomantis carolina
3182,Stagmomantis limbata
3183,Stagonomus venustissimus
3184,Stathmopoda auriferella
3185,Statilia maculata
3186,Stauroderus scalaris
3187,Stauropus fagi
3188,Stegasta bosqueella
3189,Stenobothrus lineatus
3190,Stenodema laevigata
3191,Stenomacra marginella
3192,Stenopterus rufus
3193,Stenoptilia zophodactylus
3194,Stenotus binotatus
3195,Stenurella bifasciata
3196,Stenurella melanura
3197,Stenurella nigra
3198,Stethophyma grossum
3199,Stictocephala bisonia
3200,Stictocephala diceros
3201,Stictoleptura canadensis
3202,Stictoleptura cordigera
3203,Stictoleptura rubra
3204,Stilpnochlora azteca
3205,Stilpnochlora couloniana
3206,Stiretrus anchorago
3207,Stomorhina lunata
3208,Stomoxys calcitrans
3209,Strangalepta abbreviata
3210,Strangalia famelica
3211,Strangalia luteicornis
3212,Strangalia sexnotata
3213,Strategus aloeus
3214,Strophosoma melanogrammum
3215,Strymon istapa
3216,Strymon melinus
3217,Stylogomphus albistylus
3218,Stylurus plagiatus
3219,Suastus gremius
3220,Subcoccinella vigintiquatuorpunctata
3221,Sumitrosis inaequalis
3222,Sunira bicolorago
3223,Sylvanelater cylindriformis
3224,Symbrenthia lilaea
3225,Sympecma fusca
3226,Sympecma paedisca
3227,Sympetrum ambiguum
3228,Sympetrum corruptum
3229,Sympetrum costiferum
3230,Sympetrum danae
3231,Sympetrum depressiusculum
3232,Sympetrum flaveolum
3233,Sympetrum fonscolombii
3234,Sympetrum illotum
3235,Sympetrum internum
3236,Sympetrum madidum
3237,Sympetrum meridionale
3238,Sympetrum obtrusum
3239,Sympetrum pallipes
3240,Sympetrum pedemontanum
3241,Sympetrum sanguineum
3242,Sympetrum semicinctum
3243,Sympetrum striolatum
3244,Sympetrum vicinum
3245,Sympetrum vulgatum
3246,Synanthedon acerni
3247,Synaphe punctalis
3248,Synchlora aerata
3249,Synchlora frondaria
3250,Syndemis afflictana
3251,Syngamia florella
3252,Syngrapha rectangula
3253,Synlestes weyersii
3254,Synoeca septentrionalis
3255,Syntomeida epilais
3256,Syntomoides imaon
3257,Syrbula admirabilis
3258,Syricoris lacunana
3259,Syritta flaviventris
3260,Syritta pipiens
3261,Syromastus rhombeus
3262,Syrphus opinator
3263,Syrphus ribesii
3264,Systasea pulverulenta
3265,Tabanus atratus
3266,Tabanus punctifer
3267,Tachina fera
3268,Tachina grossa
3269,Tachopteryx thoreyi
3270,Tachycines asynamorus
3271,Tachypompilus ferrugineus
3272,Tachystola acroxantha
3273,Taeniaptera trivittata
3274,Taeniopoda eques
3275,Tagiades litigiosa
3276,Talicada nyseus
3277,Tamalia coweni
3278,Tapinoma melanocephalum
3279,Tapinoma sessile
3280,Tarache aprica
3281,Tarache quadriplaga
3282,Tarucus thespis
3283,Tatochila mercedis
3284,Taxodiomyia cupressiananassa
3285,Taylorilygus apicalis
3286,Tebenna micalis
3287,Tectocoris diophthalmus
3288,Tegosa claudina
3289,Telebasis salva
3290,Telegonus cellus
3291,Tenodera angustipennis
3292,Tenodera australasiae
3293,Tenodera sinensis
3294,Tessaratoma papillosa
3295,Tessellana tessellata
3296,Tetanolita mynesalis
3297,Tetracha carolina
3298,Tetracha virginica
3299,Tetracis cachexiata
3300,Tetracis crocallata
3301,Tetragonisca angustula
3302,Tetramorium bicarinatum
3303,Tetramorium immigrans
3304,Tetraopes femoratus
3305,Tetraopes tetrophthalmus
3306,Tetraponera rufonigra
3307,Tetrix subulata
3308,Tetrix undulata
3309,Tettigidea lateralis
3310,Tettigonia cantans
3311,Tettigonia viridissima
3312,Texola elada
3313,Thalpophila matura
3314,Thanasimus formicarius
3315,Tharsalea arota
3316,Tharsalea gorgon
3317,Tharsalea helloides
3318,Tharsalea heteronea
3319,Tharsalea hyllus
3320,Tharsalea mariposa
3321,Tharsalea xanthoides
3322,Thasus gigas
3323,Thasus neocalifornicus
3324,Thaumetopoea pityocampa
3325,Thecla betulae
3326,Theclinesthes serpentata
3327,Thera juniperata
3328,Theretra nessus
3329,Thesprotia graminis
3330,Tholera decimalis
3331,Tholymis tillarga
3332,Thopha saccata
3333,Thorybes bathyllus
3334,Thorybes dorantes
3335,Thorybes lyciades
3336,Thorybes pylades
3337,Thyanta custator
3338,Thyatira batis
3339,Thymelicus acteon
3340,Thymelicus lineola
3341,Thymelicus sylvestris
3342,Thyridopteryx ephemeraeformis
3343,Thyris maculata
3344,Thysania zenobia
3345,Thysanoplusia orichalcea
3346,Timandra amaturaria
3347,Timandra comae
3348,Timarcha tenebricosa
3349,Tipula abdominalis
3350,Tipula paludosa
3351,Tirumala hamata
3352,Tirumala limniace
3353,Tirumala septentrionis
3354,Tisiphone abeona
3355,Tolmerus atricapillus
3356,Tolype velleda
3357,Tortricidia testacea
3358,Tosale oviplagalis
3359,Toxomerus boscii
3360,Toxomerus geminatus
3361,Toxomerus marginatus
3362,Toxomerus occidentalis
3363,Toxomerus politus
3364,Toxonevra superba
3365,Toxorhynchites rutilus
3366,Trachea atriplicis
3367,Trachymela sloanei
3368,Trachymyrmex septentrionalis
3369,Trachys minutus
3370,Tramea carolina
3371,Tramea darwini
3372,Tramea lacerata
3373,Tramea loewii
3374,Tramea onusta
3375,Traminda aventiaria
3376,Trapezites symmomus
3377,Tremex columba
3378,Triatoma sanguisuga
3379,Trichiocercus sparshalli
3380,Trichiotinus assimilis
3381,Trichiotinus lunulatus
3382,Trichiotinus texanus
3383,Trichius fasciatus
3384,Trichius gallicus
3385,Trichocnemis spiculatus
3386,Trichodes alvearius
3387,Trichodes apiarius
3388,Trichodes nuttalli
3389,Trichodes ornatus
3390,Trichodezia albovittata
3391,Trichoplusia ni
3392,Trichopoda lanipes
3393,Trichopoda pennipes
3394,Trichordestra legitima
3395,Triepeolus lunatus
3396,Trigona fulviventris
3397,Trigona spinipes
3398,Trigonodes hyppasia
3399,Trigonopeltastes delta
3400,Trigonospila brevifacies
3401,Trimerotropis fontana
3402,Trimerotropis maritima
3403,Trimerotropis pallidipennis
3404,Trimerotropis verruculata
3405,Triodia sylvina
3406,Triorla interrupta
3407,Triphosa haesitata
3408,Tripudia quadrifera
3409,Trirhabda bacharidis
3410,Trithemis annulata
3411,Trithemis arteriosa
3412,Trithemis aurora
3413,Trithemis festiva
3414,Trithemis kirbyi
3415,Trithemis pallidinervis
3416,Tritomegas bicolor
3417,Tritomegas sexmaculatus
3418,Troides helena
3419,Tropidacris collaris
3420,Tropidacris cristata
3421,Tropinota hirta
3422,Tropinota squalida
3423,Trypocopris vernalis
3424,Trypoxylon politum
3425,Trypoxylus dichotomus
3426,Tuberolachnus salignus
3427,Tylopsis lilifolia
3428,Tylozygus bifidus
3429,Tylozygus geometricus
3430,Typhaeus typhoeus
3431,Typocerus velutinus
3432,Typocerus zebra
3433,Tyria jacobaeae
3434,Tyriobapta torrida
3435,Tyta luctuosa
3436,Tytthaspis sedecimpunctata
3437,Udaspes folus
3438,Udea ferrugalis
3439,Udea lutealis
3440,Udea rubigalis
3441,Ululodes macleayanus
3442,Uraba lugens
3443,Urania fulgens
3444,Urbanus proteus
3445,Uresiphita ornithopteralis
3446,Uresiphita reversalis
3447,Urocerus gigas
3448,Urola nivalis
3449,Uropetala carovei
3450,Urophora cardui
3451,Urothemis signata
3452,Utetheisa ornatrix
3453,Utetheisa pulchella
3454,Utetheisa pulchelloides
3455,Valanga irregularis
3456,Valanga nigricornis
3457,Valgus hemipterus
3458,Vanessa annabella
3459,Vanessa atalanta
3460,Vanessa braziliensis
3461,Vanessa cardui
3462,Vanessa carye
3463,Vanessa gonerilla
3464,Vanessa indica
3465,Vanessa itea
3466,Vanessa kershawi
3467,Vanessa virginiensis
3468,Velarifictorus micado
3469,Vella fallax
3470,Veromessor andrei
3471,Veromessor pergandei
3472,Vespa affinis
3473,Vespa bicolor
3474,Vespa crabro
3475,Vespa orientalis
3476,Vespa tropica
3477,Vespa velutina
3478,Vespula alascensis
3479,Vespula consobrina
3480,Vespula flavopilosa
3481,Vespula germanica
3482,Vespula maculifrons
3483,Vespula pensylvanica
3484,Vespula rufa
3485,Vespula squamosa
3486,Vespula vidua
3487,Vespula vulgaris
3488,Vibidia duodecimguttata
3489,Villa hottentotta
3490,Vindula dejone
3491,Virbia aurantiaca
3492,Virbia laeta
3493,Volucella bombylans
3494,Volucella inanis
3495,Volucella pellucens
3496,Volucella zonaria
3497,Voria ruralis
3498,Wallengrenia egeremet
3499,Wallengrenia otho
3500,Watsonalla binaria
3501,Xanthagrion erythroneurum
3502,Xanthia icteritia
3503,Xanthocnemis zealandica
3504,Xanthogaleruca luteola
3505,Xanthorhoe ferrugata
3506,Xanthorhoe fluctuata
3507,Xanthorhoe lacustrata
3508,Xanthorhoe montanata
3509,Xanthorhoe semifissata
3510,Xenocatantops humilis
3511,Xenox tigrinus
3512,Xerociris wilsonii
3513,Xestia c-nigrum
3514,Xestia smithii
3515,Xestia triangulum
3516,Xestia xanthographa
3517,Xestoleptura crassipes
3518,Xylena curvimacula
3519,Xylobiops basilaris
3520,Xylocopa augusti
3521,Xylocopa caffra
3522,Xylocopa californica
3523,Xylocopa flavorufa
3524,Xylocopa latipes
3525,Xylocopa micans
3526,Xylocopa sonorina
3527,Xylocopa strandi
3528,Xylocopa tabaniformis
3529,Xylocopa violacea
3530,Xylocopa virginica
3531,Xylophanes tersa
3532,Xyloryctes jamaicensis
3533,Xylota segnis
3534,Xylotrechus colonus
3535,Xyridacma ustaria
3536,Yoyetta celis
3537,Yponomeuta cagnagella
3538,Yponomeuta evonymella
3539,Ypsolopha dentella
3540,Ypthima baldus
3541,Ypthima huebneri
3542,Zale horrida
3543,Zale lunata
3544,Zale minerea
3545,Zanclognatha cruralis
3546,Zanclognatha jacchusalis
3547,Zanclognatha laevigata
3548,Zanclognatha pedipilalis
3549,Zeltus amasa
3550,Zelus longipes
3551,Zelus luridus
3552,Zelus renardii
3553,Zelus tetracanthus
3554,Zemeros flegyas
3555,Zerene cesonia
3556,Zerene eurydice
3557,Zerynthia polyxena
3558,Zerynthia rumina
3559,Zethus spinipes
3560,Zeugomantispa minuta
3561,Zeuzera pyrina
3562,Zicrona caerulea
3563,Zizeeria karsandra
3564,Zizeeria knysna
3565,Zizina otis
3566,Zizula hylax
3567,Zonocerus elegans
3568,Zootermopsis angusticollis
3569,Zopherus nodulosus
3570,Zygaena carniolica
3571,Zygaena fausta
3572,Zygaena filipendulae
3573,Zygaena lonicerae
3574,Zygaena loti
3575,Zygaena transalpina
3576,Zygaena trifolii
3577,Zygaena viciae
3578,Zygogramma signatipennis
3579,Zyxomma petiolatum